Workbook

Sheet Chuẩn hóa OCR
A1: Project Name | B1: DrugTime
A2: Module Name | B2: Chuẩn hóa dòng và gom cụm OCR (OCRNORM)
A3: Created By | B3: phucnguyenngoc
A4: Creation Date | B4: 46325
A5: Reviewed By
A6: Reviewed Date
K7: Equivalence Partitioning | Q7: Tổng hợp bằng chứng
A8: Test Case ID | B8: Description | C8: Precondition | D8: Test Steps | E8: Test Data | F8: Expected Result | G8: Actual Result | H8: Status | I8: Comments(if any) | K8: Field | L8: Valid | M8: Num | N8: Invalid | O8: Num | Q8: Rule | R8: R1 | S8: R2 | T8: R3 | U8: R4
A9: TC-OCRNORM-01 | B9: Chuẩn hóa tiếng Việt và giữ hai biểu diễn | C9: Checkout task 4.12; dependencies backend/.venv sẵn có; chạy từ backend. Ca integration cần Supabase local riêng đã reset, không dùng DB deploy/chung; dữ liệu do test tạo. | D9: 1. Mở terminal tại backend. 2. Chạy .venv/Scripts/python.exe -m pytest -p no:cacheprovider -vv tests/unit/test_catalog_ocr_normalization.py::test_line_sources_and_clean_key. 3. Đối chiếu assertion với dữ liệu/kết quả dưới đây; lưu output vào evidence. | E9: THUỐC ĐỎ NFC/NFD, tab, LF/CRLF/CR | F9: clean=thuốc đỏ, key=thuoc do; idempotent; raw và nguồn dòng không đổi. | G9: 1 invocation đạt toàn bộ assertion trong lượt test 30/10; không skip. evidence/test-refresh-unit.xml | H9: Pass | I9: AC1, AC2 · EP (1) · tests/unit/test_catalog_ocr_normalization.py::test_line_sources_and_clean_key | K9: text/dòng/cụm | L9: Unicode và nguồn dòng Tên có chữ số/ký tự nghi ngờ Grammar strength hợp lệ Rỗng/nhiễu Thuần không I/O Whitelist/eligibility Cụm/raw có nhãn | M9: 1 2 3 4 5 6 7 | N9: Strength sai/mơ hồ/ngoài grammar Non-string | O9: 8 9 | Q9: Strength khác nhau? | R9: No | S9: Yes | T9: - | U9: Yes
A10: TC-OCRNORM-03 | B10: Giữ số trong tên và ký tự OCR | C10: Checkout task 4.12; dependencies backend/.venv sẵn có; chạy từ backend. Ca integration cần Supabase local riêng đã reset, không dùng DB deploy/chung; dữ liệu do test tạo. | D10: 1. Mở terminal tại backend. 2. Chạy .venv/Scripts/python.exe -m pytest -p no:cacheprovider -vv tests/unit/test_catalog_ocr_normalization.py::test_names_and_confusables. 3. Đối chiếu assertion với dữ liệu/kết quả dưới đây; lưu output vào evidence. | E10: Vitamin B12; Vitamin D3; O0l1; Metforrnin | F10: Không sửa ký tự, không tách B12/D3 thành strength. | G10: 7 invocation đạt toàn bộ assertion trong lượt test 30/10; không skip. evidence/test-refresh-unit.xml | H10: Pass | I10: AC3 · EP (2) · tests/unit/test_catalog_ocr_normalization.py::test_names_and_confusables | Q10: Nhóm chưa hiểu? | R10: No | S10: No | T10: Yes | U10: Yes/No
A11: TC-OCRNORM-04 | B11: Trích hàm lượng đơn dương | C11: Checkout task 4.12; dependencies backend/.venv sẵn có; chạy từ backend. Ca integration cần Supabase local riêng đã reset, không dùng DB deploy/chung; dữ liệu do test tạo. | D11: 1. Mở terminal tại backend. 2. Chạy .venv/Scripts/python.exe -m pytest -p no:cacheprovider -vv tests/unit/test_catalog_ocr_normalization.py::test_strength_whole_spans. 3. Đối chiếu assertion với dữ liệu/kết quả dưới đây; lưu output vào evidence. | E11: 500MG; 500 mg; 25 mcg | F11: 500 mg hoặc 25 mcg; span/line_id đúng; tên còn thuoc mau. | G11: 10 invocation đạt toàn bộ assertion trong lượt test 30/10; không skip. evidence/test-refresh-unit.xml | H11: Pass | I11: AC4, AC5 · EP (3) · tests/unit/test_catalog_ocr_normalization.py::test_strength_whole_spans | Q11: Action | R11: R1 | S11: R2 | T11: R3 | U11: R4
A12: TC-OCRNORM-05 | B12: Chuẩn hóa decimal không đổi đơn vị | C12: Checkout task 4.12; dependencies backend/.venv sẵn có; chạy từ backend. Ca integration cần Supabase local riêng đã reset, không dùng DB deploy/chung; dữ liệu do test tạo. | D12: 1. Mở terminal tại backend. 2. Chạy .venv/Scripts/python.exe -m pytest -p no:cacheprovider -vv tests/unit/test_catalog_ocr_normalization.py::test_strength_whole_spans. 3. Đối chiếu assertion với dữ liệu/kết quả dưới đây; lưu output vào evidence. | E12: 0,5 g; 0.5g; 500.0mg | F12: 0.5 g hoặc 500 mg; không quy đổi g sang mg. | G12: 10 invocation đạt toàn bộ assertion trong lượt test 30/10; không skip. evidence/test-refresh-unit.xml | H12: Pass | I12: AC4, AC5 · EP (3) · tests/unit/test_catalog_ocr_normalization.py::test_strength_whole_spans | Q12: Gắn khi duy nhất một neo | R12: X
A13: TC-OCRNORM-06 | B13: Giữ tử mẫu nồng độ | C13: Checkout task 4.12; dependencies backend/.venv sẵn có; chạy từ backend. Ca integration cần Supabase local riêng đã reset, không dùng DB deploy/chung; dữ liệu do test tạo. | D13: 1. Mở terminal tại backend. 2. Chạy .venv/Scripts/python.exe -m pytest -p no:cacheprovider -vv tests/unit/test_catalog_ocr_normalization.py::test_strength_whole_spans. 3. Đối chiếu assertion với dữ liệu/kết quả dưới đây; lưu output vào evidence. | E13: 5mg/ml; 250mg/5ml | F13: 5 mg/ml và 250 mg/5 ml; một occurrence cả biểu thức. | G13: 10 invocation đạt toàn bộ assertion trong lượt test 30/10; không skip. evidence/test-refresh-unit.xml | H13: Pass | I13: AC4, AC5 · EP (3) · tests/unit/test_catalog_ocr_normalization.py::test_strength_whole_spans | Q13: Giữ cụm xung đột | S13: X
A14: TC-OCRNORM-07 | B14: Giữ thứ tự phối hợp | C14: Checkout task 4.12; dependencies backend/.venv sẵn có; chạy từ backend. Ca integration cần Supabase local riêng đã reset, không dùng DB deploy/chung; dữ liệu do test tạo. | D14: 1. Mở terminal tại backend. 2. Chạy .venv/Scripts/python.exe -m pytest -p no:cacheprovider -vv tests/unit/test_catalog_ocr_normalization.py::test_strength_whole_spans. 3. Đối chiếu assertion với dữ liệu/kết quả dưới đây; lưu output vào evidence. | E14: 500mg + 65mg | F14: 500 mg + 65 mg; không đếm từng thành phần thành giá trị cạnh tranh. | G14: 10 invocation đạt toàn bộ assertion trong lượt test 30/10; không skip. evidence/test-refresh-unit.xml | H14: Pass | I14: AC4, AC5 · EP (3) · tests/unit/test_catalog_ocr_normalization.py::test_strength_whole_spans | Q14: Giữ unparsed độc lập | T14: X
A15: TC-OCRNORM-08 | B15: Giữ biểu thức phần trăm | C15: Checkout task 4.12; dependencies backend/.venv sẵn có; chạy từ backend. Ca integration cần Supabase local riêng đã reset, không dùng DB deploy/chung; dữ liệu do test tạo. | D15: 1. Mở terminal tại backend. 2. Chạy .venv/Scripts/python.exe -m pytest -p no:cacheprovider -vv tests/unit/test_catalog_ocr_normalization.py::test_strength_whole_spans. 3. Đối chiếu assertion với dữ liệu/kết quả dưới đây; lưu output vào evidence. | E15: 0,9% | F15: 0.9 %; giữ nguồn và span. | G15: 10 invocation đạt toàn bộ assertion trong lượt test 30/10; không skip. evidence/test-refresh-unit.xml | H15: Pass | I15: AC4, AC5 · EP (3) · tests/unit/test_catalog_ocr_normalization.py::test_strength_whole_spans | Q15: Giữ mọi giá trị/count | U15: X
A16: TC-OCRNORM-09 | B16: Giữ nhóm không dương chưa hiểu | C16: Checkout task 4.12; dependencies backend/.venv sẵn có; chạy từ backend. Ca integration cần Supabase local riêng đã reset, không dùng DB deploy/chung; dữ liệu do test tạo. | D16: 1. Mở terminal tại backend. 2. Chạy .venv/Scripts/python.exe -m pytest -p no:cacheprovider -vv tests/unit/test_catalog_ocr_normalization.py::test_invalid_unsupported_whole_group. 3. Đối chiếu assertion với dữ liệu/kết quả dưới đây; lưu output vào evidence. | E16: -5mg; 0mg; 0.0mg; +5mg | F16: Không lấy một nhóm con; unparsed có nguồn, name_key giữ nhóm, không đoán/sửa. | G16: 46 invocation đạt toàn bộ assertion trong lượt test 30/10; không skip. evidence/test-refresh-unit.xml | H16: Pass | I16: AC6 · EP (8) · BVA (âm/0/dương: không có upper bound) · tests/unit/test_catalog_ocr_normalization.py::test_invalid_unsupported_whole_group
A17: TC-OCRNORM-10 | B17: Giữ số OCR sai và dấu phân nhóm | C17: Checkout task 4.12; dependencies backend/.venv sẵn có; chạy từ backend. Ca integration cần Supabase local riêng đã reset, không dùng DB deploy/chung; dữ liệu do test tạo. | D17: 1. Mở terminal tại backend. 2. Chạy .venv/Scripts/python.exe -m pytest -p no:cacheprovider -vv tests/unit/test_catalog_ocr_normalization.py::test_invalid_unsupported_whole_group. 3. Đối chiếu assertion với dữ liệu/kết quả dưới đây; lưu output vào evidence. | E17: 5OOmg; 1e3mg; 1,000 mg; 5.5.5mg | F17: Không lấy một nhóm con; unparsed có nguồn, name_key giữ nhóm, không đoán/sửa. | G17: 46 invocation đạt toàn bộ assertion trong lượt test 30/10; không skip. evidence/test-refresh-unit.xml | H17: Pass | I17: AC6 · EP (8) · BVA (âm/0/dương: không có upper bound) · tests/unit/test_catalog_ocr_normalization.py::test_invalid_unsupported_whole_group
A18: TC-OCRNORM-11 | B18: Giữ toàn biểu thức liên kết hỏng | C18: Checkout task 4.12; dependencies backend/.venv sẵn có; chạy từ backend. Ca integration cần Supabase local riêng đã reset, không dùng DB deploy/chung; dữ liệu do test tạo. | D18: 1. Mở terminal tại backend. 2. Chạy .venv/Scripts/python.exe -m pytest -p no:cacheprovider -vv tests/unit/test_catalog_ocr_normalization.py::test_invalid_unsupported_whole_group. 3. Đối chiếu assertion với dữ liệu/kết quả dưới đây; lưu output vào evidence. | E18: 500mg + 5OOmg; 250mg/0ml; 250mg/ | F18: Không lấy một nhóm con; unparsed có nguồn, name_key giữ nhóm, không đoán/sửa. | G18: 46 invocation đạt toàn bộ assertion trong lượt test 30/10; không skip. evidence/test-refresh-unit.xml | H18: Pass | I18: AC6 · EP (8) · BVA (âm/0/dương: không có upper bound) · tests/unit/test_catalog_ocr_normalization.py::test_invalid_unsupported_whole_group
A19: TC-OCRNORM-12 | B19: Giữ đơn vị ngoài grammar | C19: Checkout task 4.12; dependencies backend/.venv sẵn có; chạy từ backend. Ca integration cần Supabase local riêng đã reset, không dùng DB deploy/chung; dữ liệu do test tạo. | D19: 1. Mở terminal tại backend. 2. Chạy .venv/Scripts/python.exe -m pytest -p no:cacheprovider -vv tests/unit/test_catalog_ocr_normalization.py::test_invalid_unsupported_whole_group. 3. Đối chiếu assertion với dữ liệu/kết quả dưới đây; lưu output vào evidence. | E19: 50 IU; 25µg; 5kg; 5 g/ml | F19: Không lấy một nhóm con; unparsed có nguồn, name_key giữ nhóm, không đoán/sửa. | G19: 46 invocation đạt toàn bộ assertion trong lượt test 30/10; không skip. evidence/test-refresh-unit.xml | H19: Pass | I19: AC6 · EP (8) · BVA (âm/0/dương: không có upper bound) · tests/unit/test_catalog_ocr_normalization.py::test_invalid_unsupported_whole_group
A20: TC-OCRNORM-17 | B20: Giữ cấu trúc rỗng và không query | C20: Checkout task 4.12; dependencies backend/.venv sẵn có; chạy từ backend. Ca integration cần Supabase local riêng đã reset, không dùng DB deploy/chung; dữ liệu do test tạo. | D20: 1. Mở terminal tại backend. 2. Chạy .venv/Scripts/python.exe -m pytest -p no:cacheprovider -vv tests/unit/test_catalog_ocr_normalization.py::test_empty_and_noise_no_query. 3. Đối chiếu assertion với dữ liệu/kết quả dưới đây; lưu output vào evidence. | E20: (blank); whitespace; ®™•; newline; 5mg; hop 10 vi | F20: Không line/cụm eligible; raw rỗng trả tuple rỗng; newline giữ hai dòng. | G20: 6 invocation đạt toàn bộ assertion trong lượt test 30/10; không skip. evidence/test-refresh-unit.xml | H20: Pass | I20: AC15 · EP (4) · tests/unit/test_catalog_ocr_normalization.py::test_empty_and_noise_no_query
A21: TC-OCRNORM-18 | B21: Từ chối non-string không echo | C21: Checkout task 4.12; dependencies backend/.venv sẵn có; chạy từ backend. Ca integration cần Supabase local riêng đã reset, không dùng DB deploy/chung; dữ liệu do test tạo. | D21: 1. Mở terminal tại backend. 2. Chạy .venv/Scripts/python.exe -m pytest -p no:cacheprovider -vv tests/unit/test_catalog_ocr_normalization.py::test_non_string_rejected_without_echo. 3. Đối chiếu assertion với dữ liệu/kết quả dưới đây; lưu output vào evidence. | E21: None; 123; bytes/list private-marker | F21: TypeError: OCR text must be a string; không lộ marker. | G21: 4 invocation đạt toàn bộ assertion trong lượt test 30/10; không skip. evidence/test-refresh-unit.xml | H21: Pass | I21: AC15 · EP (9) · tests/unit/test_catalog_ocr_normalization.py::test_non_string_rejected_without_echo
A22: TC-OCRNORM-19 | B22: Giữ normalizer thuần và không log | C22: Checkout task 4.12; dependencies backend/.venv sẵn có; chạy từ backend. Ca integration cần Supabase local riêng đã reset, không dùng DB deploy/chung; dữ liệu do test tạo. | D22: 1. Mở terminal tại backend. 2. Chạy .venv/Scripts/python.exe -m pytest -p no:cacheprovider -vv tests/unit/test_catalog_ocr_normalization.py::test_no_ocr_io_log_or_writes. 3. Đối chiếu assertion với dữ liệu/kết quả dưới đây; lưu output vào evidence. | E22: synthetic-private-marker 500mg lặp hai dòng | F22: Không open/socket/log; count2; không xuất marker. | G22: 1 invocation đạt toàn bộ assertion trong lượt test 30/10; không skip. evidence/test-refresh-unit.xml | H22: Pass | I22: AC21 · EP (5) · tests/unit/test_catalog_ocr_normalization.py::test_no_ocr_io_log_or_writes
A23: TC-OCRNORM-21 | B23: Giữ tên thật không có strength | C23: Checkout task 4.12; dependencies backend/.venv sẵn có; chạy từ backend. Ca integration cần Supabase local riêng đã reset, không dùng DB deploy/chung; dữ liệu do test tạo. | D23: 1. Mở terminal tại backend. 2. Chạy .venv/Scripts/python.exe -m pytest -p no:cacheprovider -vv tests/unit/test_catalog_ocr_normalization.py::test_names_and_confusables. 3. Đối chiếu assertion với dữ liệu/kết quả dưới đây; lưu output vào evidence. | E23: Vitamin B12; Long; Log; Ong; O0l1 | F23: Tên/ký tự giữ nguyên theo key; không tạo strength đoán. | G23: 7 invocation đạt toàn bộ assertion trong lượt test 30/10; không skip. evidence/test-refresh-unit.xml | H23: Pass | I23: AC3 · EP (2) · tests/unit/test_catalog_ocr_normalization.py::test_names_and_confusables
A24: TC-OCRNORM-22 | B24: Giữ mọi dòng và khoảng nguồn | C24: Checkout task 4.12; dependencies backend/.venv sẵn có; chạy từ backend. Ca integration cần Supabase local riêng đã reset, không dùng DB deploy/chung; dữ liệu do test tạo. | D24: 1. Mở terminal tại backend. 2. Chạy .venv/Scripts/python.exe -m pytest -p no:cacheprovider -vv tests/unit/test_catalog_ocr_normalization.py::test_line_sources_and_clean_key. 3. Đối chiếu assertion với dữ liệu/kết quả dưới đây; lưu output vào evidence. | E24: THUỐC ĐỎ CRLF, dòng trống, hai Metformin CR/LF, trống cuối | F24: Năm line_id theo thứ tự; ghép raw+line_ending tái tạo nguyên input; offset chính xác. | G24: 1 invocation đạt toàn bộ assertion trong lượt test 30/10; không skip. evidence/test-refresh-unit.xml | H24: Pass | I24: AC1, AC2 · EP (1) · tests/unit/test_catalog_ocr_normalization.py::test_line_sources_and_clean_key
A25: TC-OCRNORM-23 | B25: Lọc whitelist sau khi trích | C25: Checkout task 4.12; dependencies backend/.venv sẵn có; chạy từ backend. Ca integration cần Supabase local riêng đã reset, không dùng DB deploy/chung; dữ liệu do test tạo. | D25: 1. Mở terminal tại backend. 2. Chạy .venv/Scripts/python.exe -m pytest -p no:cacheprovider -vv tests/unit/test_catalog_ocr_normalization.py::test_whitelist_and_eligibility tests/unit/test_catalog_ocr_normalization.py::test_partial_registration_patterns_are_not_removed. 3. Đối chiếu assertion với dữ liệu/kết quả dưới đây; lưu output vào evidence. | E25: Metformin 500mg viên nén hộp 10 vỉ; SDK: VD-13882-11; Vienna Sirolex VD-X | F25: metformin eligible; 500mg đã trích; dòng SDK rỗng không query; tên giống noise được bảo vệ. | G25: 17 invocation đạt toàn bộ assertion trong lượt test 30/10; không skip. evidence/test-refresh-unit.xml | H25: Pass | I25: AC7, AC8 · EP (6) · tests/unit/test_catalog_ocr_normalization.py::test_whitelist_and_eligibility; tests/unit/test_catalog_ocr_normalization.py::test_partial_registration_patterns_are_not_removed
A26: TC-OCRNORM-24 | B26: Giữ mảnh ngắn với reason | C26: Checkout task 4.12; dependencies backend/.venv sẵn có; chạy từ backend. Ca integration cần Supabase local riêng đã reset, không dùng DB deploy/chung; dữ liệu do test tạo. | D26: 1. Mở terminal tại backend. 2. Chạy .venv/Scripts/python.exe -m pytest -p no:cacheprovider -vv tests/unit/test_catalog_ocr_normalization.py::test_whitelist_and_eligibility. 3. Đối chiếu assertion với dữ liệu/kết quả dưới đây; lưu output vào evidence. | E26: Met.; Metform.; B12; D3; 5mg; Vitamin D3 5mg | F26: Mảnh thiếu context không query; không mở rộng; Vitamin D3 query với số tên còn nguyên. | G26: 13 invocation đạt toàn bộ assertion trong lượt test 30/10; không skip. evidence/test-refresh-unit.xml | H26: Pass | I26: AC3, AC8 · EP (6) · tests/unit/test_catalog_ocr_normalization.py::test_whitelist_and_eligibility
A27: TC-OCRNORM-25 | B27: Giữ nhóm hợp lệ độc lập cạnh nhóm sai | C27: Checkout task 4.12; dependencies backend/.venv sẵn có; chạy từ backend. Ca integration cần Supabase local riêng đã reset, không dùng DB deploy/chung; dữ liệu do test tạo. | D27: 1. Mở terminal tại backend. 2. Chạy .venv/Scripts/python.exe -m pytest -p no:cacheprovider -vv tests/unit/test_catalog_ocr_normalization.py::test_valid_and_corrupted_groups_remain_separate. 3. Đối chiếu assertion với dữ liệu/kết quả dưới đây; lưu output vào evidence. | E27: 500mg O.5g; l0 mg 500mg; 5OOmg | F27: Giữ 500mg hợp lệ nếu độc lập, unparsed riêng và name_key còn nhóm sai; không tính phiếu cho đoán. | G27: 15 invocation đạt toàn bộ assertion trong lượt test 30/10; không skip. evidence/test-refresh-unit.xml | H27: Pass | I27: AC6, AC14 · EP (8) · Decision Table (R3) · tests/unit/test_catalog_ocr_normalization.py::test_valid_and_corrupted_groups_remain_separate
... A40: TC-OCRNORM-38 | B40: Từ chối threshold ngoài miền | C40: Checkout task 4.12; dependencies backend/.venv sẵn có; chạy từ backend. Ca integration cần Supabase local riêng đã reset, không dùng DB deploy/chung; dữ liệu do test tạo. | D40: 1. Mở terminal tại backend. 2. Chạy .venv/Scripts/python.exe -m pytest -p no:cacheprovider -vv tests/unit/test_catalog_ocr_clusters.py::test_invalid_threshold. 3. Đối chiếu assertion với dữ liệu/kết quả dưới đây; lưu output vào evidence. | E40: T=-0.1 và1.1 | F40: ValueError; không âm thầm clamp ngưỡng. | G40: 2 invocation đạt toàn bộ assertion trong lượt test 30/10; không skip. evidence/test-refresh-unit.xml | H40: Pass | I40: AC10 · BVA (ngoài0..1) · tests/unit/test_catalog_ocr_clusters.py::test_invalid_threshold
G43: Pass | H43: =COUNTIF(H9:H40,"Pass")
G44: Fail | H44: =COUNTIF(H9:H40,"Fail")
G45: Pending | H45: =COUNTIF(H9:H40,"Pending")
G46: Total | H46: =SUM(H43:H45)

Sheet Index danh mục
A1: Project Name | B1: DrugTime
A2: Module Name | B2: Tra cứu catalog bằng index DB (CATINDEX)
A3: Created By | B3: phucnguyenngoc
A4: Creation Date | B4: 46325
A5: Reviewed By
A6: Reviewed Date
K7: Equivalence Partitioning | Q7: Lookup
A8: Test Case ID | B8: Description | C8: Precondition | D8: Test Steps | E8: Test Data | F8: Expected Result | G8: Actual Result | H8: Status | I8: Comments(if any) | K8: Field | L8: Valid | M8: Num | N8: Invalid | O8: Num | Q8: Rule | R8: R1 | S8: R2 | T8: R3 | U8: R4
A9: TC-CATINDEX-07 | B9: Truyền lỗi từng nhánh và iterator | C9: Checkout task 4.12; dependencies backend/.venv sẵn có; chạy từ backend. Ca integration cần Supabase local riêng đã reset, không dùng DB deploy/chung; dữ liệu do test tạo. | D9: 1. Mở terminal tại backend. 2. Chạy .venv/Scripts/python.exe -m pytest -p no:cacheprovider -vv tests/unit/test_catalog_index.py::test_any_branch_error_propagates_without_partial_or_fallback tests/unit/test_catalog_index.py::test_sql_iterator_error_is_not_swallowed. 3. Đối chiếu assertion với dữ liệu/kết quả dưới đây; lưu output vào evidence. | E9: Reader lỗi ở name/raw_active_ingredient/alias; iterator lỗi sau hit | F9: Exception truyền lên toàn lượt, không partial/rỗng/cache. | G9: 4 invocation đạt toàn bộ assertion trong lượt test 30/10; không skip. evidence/test-refresh-unit.xml | H9: Pass | I9: AC19 · Decision Table (R3) · tests/unit/test_catalog_index.py::test_any_branch_error_propagates_without_partial_or_fallback; tests/unit/test_catalog_index.py::test_sql_iterator_error_is_not_swallowed | K9: query/catalog | L9: Facade/read-only/hồi quy Catalog có link/index/budget Literal đặc biệt Không eligible | M9: 1 2 3 4 | Q9: Dữ liệu đã commit? | R9: Yes | S9: Yes | T9: - | U9: Yes
A10: TC-CATINDEX-08 | B10: Dùng cùng facade cho hai caller | C10: Checkout task 4.12; dependencies backend/.venv sẵn có; chạy từ backend. Ca integration cần Supabase local riêng đã reset, không dùng DB deploy/chung; dữ liệu do test tạo. | D10: 1. Mở terminal tại backend. 2. Chạy .venv/Scripts/python.exe -m pytest -p no:cacheprovider -vv tests/unit/test_catalog_index.py::test_two_facade_callers_fresh_uow_no_snapshot. 3. Đối chiếu assertion với dữ liệu/kết quả dưới đây; lưu output vào evidence. | E10: Hai UoW mô phỏng4.13/4.15, reader thay dữ liệu giữa lượt | F10: Cùng normalized DTO/quy tắc, kết quả mới theo lượt; không snapshot xuyên request. | G10: 1 invocation đạt toàn bộ assertion trong lượt test 30/10; không skip. evidence/test-refresh-unit.xml | H10: Pass | I10: AC22, AC19 · EP (1) · tests/unit/test_catalog_index.py::test_two_facade_callers_fresh_uow_no_snapshot | Q10: Lỗi đọc? | R10: No | S10: No | T10: Yes | U10: No
A11: TC-CATINDEX-09 | B11: Giữ lookup không ghi và không builder | C11: Checkout task 4.12; dependencies backend/.venv sẵn có; chạy từ backend. Ca integration cần Supabase local riêng đã reset, không dùng DB deploy/chung; dữ liệu do test tạo. | D11: 1. Mở terminal tại backend. 2. Chạy .venv/Scripts/python.exe -m pytest -p no:cacheprovider -vv tests/unit/test_catalog_index.py::test_lookup_never_calls_writers_or_catalog_builder. 3. Đối chiếu assertion với dữ liệu/kết quả dưới đây; lưu output vào evidence. | E11: Synthetic marker, guard các writer/loader/builder | F11: Không log/lưu/ghi; không gọi đường index Python toàn catalog. | G11: 1 invocation đạt toàn bộ assertion trong lượt test 30/10; không skip. evidence/test-refresh-unit.xml | H11: Pass | I11: AC21 · EP (1) · tests/unit/test_catalog_index.py::test_lookup_never_calls_writers_or_catalog_builder | Q11: Action | R11: R1 | S11: R2 | T11: R3 | U11: R4
A12: TC-CATINDEX-12 | B12: Thấy commit thuốc ở giao dịch kế tiếp | C12: Checkout task 4.12; dependencies backend/.venv sẵn có; chạy từ backend. Ca integration cần Supabase local riêng đã reset, không dùng DB deploy/chung; dữ liệu do test tạo. | D12: 1. Mở terminal tại backend. 2. Chạy .venv/Scripts/python.exe -m pytest -p no:cacheprovider -vv tests/integration/test_catalog_index.py::test_medication_commits_visible_and_old_result_immutable__AC19. 3. Đối chiếu assertion với dữ liệu/kết quả dưới đây; lưu output vào evidence. | E12: Thêm thuốc, sửa raw/strength/form, soft-delete/restore | F12: UoW mới thấy mọi thay đổi ngay; object cũ không đổi/frozen. | G12: 1 invocation đạt toàn bộ assertion trong lượt test 30/10; không skip. evidence/test-refresh-integration.xml | H12: Pass | I12: AC19 · Decision Table (R1) · tests/integration/test_catalog_index.py::test_medication_commits_visible_and_old_result_immutable__AC19 | Q12: Thấy thay đổi ở lượt mới | R12: X
A13: TC-CATINDEX-14 | B13: Truyền lỗi DB thật sau từng nhánh | C13: Checkout task 4.12; dependencies backend/.venv sẵn có; chạy từ backend. Ca integration cần Supabase local riêng đã reset, không dùng DB deploy/chung; dữ liệu do test tạo. | D13: 1. Mở terminal tại backend. 2. Chạy .venv/Scripts/python.exe -m pytest -p no:cacheprovider -vv tests/integration/test_catalog_index.py::test_each_read_branch_failure_raises_without_partial_or_stale__AC19. 3. Đối chiếu assertion với dữ liệu/kết quả dưới đây; lưu output vào evidence. | E13: Ngắt đúng PID connection riêng trước nhánh0/1/2 sau lượt thành công | F13: DBAPIError ở từng vị trí; không trả kết quả một phần hoặc snapshot cũ. | G13: 3 invocation đạt toàn bộ assertion trong lượt test 30/10; không skip. evidence/test-refresh-integration.xml | H13: Pass | I13: AC19 · Decision Table (R3) · tests/integration/test_catalog_index.py::test_each_read_branch_failure_raises_without_partial_or_stale__AC19 | Q13: Giữ link/nguồn chính xác | S13: X
A14: TC-CATINDEX-15 | B14: Giữ ingest Unicode và ranh giới module | C14: Checkout task 4.12; dependencies backend/.venv sẵn có; chạy từ backend. Ca integration cần Supabase local riêng đã reset, không dùng DB deploy/chung; dữ liệu do test tạo. | D14: 1. Mở terminal tại backend. 2. Chạy .venv/Scripts/python.exe -m pytest -p no:cacheprovider -vv tests/unit/test_catalog_sync.py tests/architecture. 3. Đối chiếu assertion với dữ liệu/kết quả dưới đây; lưu output vào evidence. | E14: DAV source NFC/còn dấu/hoa thường; toàn architecture suite | F14: Ingest regression và architecture pass, không import sai hoặc đổi source hiển thị. | G14: 18 invocation đạt toàn bộ assertion trong lượt test 30/10; không skip. evidence/test-refresh-unit.xml | H14: Pass | I14: AC20 · EP (1) · tests/unit/test_catalog_sync.py; tests/architecture | Q14: Truyền lỗi không partial | T14: X
A15: TC-CATINDEX-16 | B15: Giữ hai route search cũ | C15: Checkout task 4.12; dependencies backend/.venv sẵn có; chạy từ backend. Ca integration cần Supabase local riêng đã reset, không dùng DB deploy/chung; dữ liệu do test tạo. | D15: 1. Mở terminal tại backend. 2. Chạy .venv/Scripts/python.exe -m pytest -p no:cacheprovider -vv tests/integration/test_catalog_search.py. 3. Đối chiếu assertion với dữ liệu/kết quả dưới đây; lưu output vào evidence. | E15: /catalog/medications và /medications/search; q/limit/Unicode/wildcard/whitespace | F15: Toàn 43 test search giữ response/thứ tự/active/shape; không đổi expected. | G15: 43 invocation đạt toàn bộ assertion trong lượt test 30/10; không skip. evidence/test-refresh-integration.xml | H15: Pass | I15: AC20 · EP (1) · tests/integration/test_catalog_search.py | Q15: Giới hạn riêng query/source | U15: X
A16: TC-CATINDEX-19 | B16: Giữ mọi nguồn và ID, raw/null trong DB | C16: Checkout task 4.12; dependencies backend/.venv sẵn có; chạy từ backend. Ca integration cần Supabase local riêng đã reset, không dùng DB deploy/chung; dữ liệu do test tạo. | D16: 1. Mở terminal tại backend. 2. Chạy .venv/Scripts/python.exe -m pytest -p no:cacheprovider -vv tests/integration/test_catalog_index.py::test_sources_preserve_raw_nulls_ids_and_explicit_links__AC17_AC21 tests/unit/test_catalog_index.py::test_candidate_mapping_and_all_sources_preserve_raw_ids_nulls. 3. Đối chiếu assertion với dữ liệu/kết quả dưới đây; lưu output vào evidence. | E16: Hai ID cùng THUỐC ĐỎ khác strength/form; raw ingredient; hai alias; thuốc gỡ; alias không link | F16: Chỉ active qua link thật; giữ null/raw/ID, mọi alias_id/text/aid và nguồn name/ingredient/alias. | G16: 2 invocation đạt toàn bộ assertion trong lượt test 30/10; không skip. evidence/test-refresh-integration.xml, evidence/test-refresh-unit.xml | H16: Pass | I16: AC17, AC21 · EP (2) · Decision Table (R2) · tests/integration/test_catalog_index.py::test_sources_preserve_raw_nulls_ids_and_explicit_links__AC17_AC21; tests/unit/test_catalog_index.py::test_candidate_mapping_and_all_sources_preserve_raw_ids_nulls
A17: TC-CATINDEX-20 | B17: Escape literal và bind SQL ở ba nhánh | C17: Checkout task 4.12; dependencies backend/.venv sẵn có; chạy từ backend. Ca integration cần Supabase local riêng đã reset, không dùng DB deploy/chung; dữ liệu do test tạo. | D17: 1. Mở terminal tại backend. 2. Chạy .venv/Scripts/python.exe -m pytest -p no:cacheprovider -vv tests/integration/test_catalog_index.py::test_literal_wildcards_and_sql_text_are_bound__AC17_AC21. 3. Đối chiếu assertion với dữ liệu/kết quả dưới đây; lưu output vào evidence. | E17: percent%; under_score; back\slash; quote apostrophe OR TRUE-- | F17: Đúng ID literal, không mở wildcard/injection; query_key đã normalize lowercase. | G17: 12 invocation đạt toàn bộ assertion trong lượt test 30/10; không skip. evidence/test-refresh-integration.xml | H17: Pass | I17: AC17, AC21 · EP (3) · tests/integration/test_catalog_index.py::test_literal_wildcards_and_sql_text_are_bound__AC17_AC21
A18: TC-CATINDEX-21 | B18: Kiểm biên200 distinct ID từng nguồn | C18: Checkout task 4.12; dependencies backend/.venv sẵn có; chạy từ backend. Ca integration cần Supabase local riêng đã reset, không dùng DB deploy/chung; dữ liệu do test tạo. | D18: 1. Mở terminal tại backend. 2. Chạy .venv/Scripts/python.exe -m pytest -p no:cacheprovider -vv tests/integration/test_catalog_index.py::test_distinct_id_budget_retains_all_alias_sources__AC18. 3. Đối chiếu assertion với dữ liệu/kết quả dưới đây; lưu output vào evidence. | E18: 199/200/201 ID cho name/ingredient/alias, mỗi ID hai alias | F18: Trả min(N,200) distinct ID; truncated chỉ khi201; không mất nguồn alias của ID được chọn. | G18: 9 invocation đạt toàn bộ assertion trong lượt test 30/10; không skip. evidence/test-refresh-integration.xml | H18: Pass | I18: AC18 · BVA (max-1/max/max+1:199/200/201) · EP (2) · tests/integration/test_catalog_index.py::test_distinct_id_budget_retains_all_alias_sources__AC18
A19: TC-CATINDEX-22 | B19: Giữ cụm nhỏ và dedup truy vấn trong lượt | C19: Checkout task 4.12; dependencies backend/.venv sẵn có; chạy từ backend. Ca integration cần Supabase local riêng đã reset, không dùng DB deploy/chung; dữ liệu do test tạo. | D19: 1. Mở terminal tại backend. 2. Chạy .venv/Scripts/python.exe -m pytest -p no:cacheprovider -vv tests/integration/test_catalog_index.py::test_large_small_clusters_query_dedup_preserves_sources__AC18 tests/unit/test_catalog_index.py::test_independent_cluster_queries_and_deduplication. 3. Đối chiếu assertion với dữ liệu/kết quả dưới đây; lưu output vào evidence. | E19: 60 thuốc cụm lớn,1 cụm nhỏ; tên trùng khác16/160mg | F19: Giữ mọi cụm và line_ids/count; sáu SELECT/WITH có bound pattern/probe201, không SELECT toàn catalog. | G19: 2 invocation đạt toàn bộ assertion trong lượt test 30/10; không skip. evidence/test-refresh-integration.xml, evidence/test-refresh-unit.xml | H19: Pass | I19: AC18 · EP (2) · tests/integration/test_catalog_index.py::test_large_small_clusters_query_dedup_preserves_sources__AC18; tests/unit/test_catalog_index.py::test_independent_cluster_queries_and_deduplication
A20: TC-CATINDEX-23 | B20: Không query với input không đủ thông tin | C20: Checkout task 4.12; dependencies backend/.venv sẵn có; chạy từ backend. Ca integration cần Supabase local riêng đã reset, không dùng DB deploy/chung; dữ liệu do test tạo. | D20: 1. Mở terminal tại backend. 2. Chạy .venv/Scripts/python.exe -m pytest -p no:cacheprovider -vv tests/integration/test_catalog_index.py::test_ineligible_inputs_issue_no_catalog_read__AC15_AC21 tests/unit/test_catalog_index.py::test_ineligible_no_read. 3. Đối chiếu assertion với dữ liệu/kết quả dưới đây; lưu output vào evidence. | E20: (blank),whitespace,SDK,5mg,Met. | F20: 0 câu SQL đọc catalog, coverage rỗng; vẫn giữ normalized nguồn. | G20: 8 invocation đạt toàn bộ assertion trong lượt test 30/10; không skip. evidence/test-refresh-integration.xml, evidence/test-refresh-unit.xml | H20: Pass | I20: AC15, AC21 · EP (4) · tests/integration/test_catalog_index.py::test_ineligible_inputs_issue_no_catalog_read__AC15_AC21; tests/unit/test_catalog_index.py::test_ineligible_no_read
A21: TC-CATINDEX-24 | B21: Thấy commit alias và liên kết không rebuild | C21: Checkout task 4.12; dependencies backend/.venv sẵn có; chạy từ backend. Ca integration cần Supabase local riêng đã reset, không dùng DB deploy/chung; dữ liệu do test tạo. | D21: 1. Mở terminal tại backend. 2. Chạy .venv/Scripts/python.exe -m pytest -p no:cacheprovider -vv tests/integration/test_catalog_index.py::test_alias_and_link_commits_visible_next_transaction__AC19. 3. Đối chiếu assertion với dữ liệu/kết quả dưới đây; lưu output vào evidence. | E21: Thêm alias chưa link, thêm link,sửa alias,gỡ link,thêm lại,xóa alias | F21: Chưa link không match; thêm link match;sửa text thấy text mới; gỡ link/xóa alias không match. | G21: 1 invocation đạt toàn bộ assertion trong lượt test 30/10; không skip. evidence/test-refresh-integration.xml | H21: Pass | I21: AC19 · Decision Table (R1) · tests/integration/test_catalog_index.py::test_alias_and_link_commits_visible_next_transaction__AC19
A22: TC-CATINDEX-25 | B22: Kiểm ba expression GIN hợp lệ và khả dụng | C22: Checkout task 4.12; dependencies backend/.venv sẵn có; chạy từ backend. Ca integration cần Supabase local riêng đã reset, không dùng DB deploy/chung; dữ liệu do test tạo. | D22: 1. Mở terminal tại backend. 2. Chạy .venv/Scripts/python.exe -m pytest -p no:cacheprovider -vv tests/integration/test_catalog_index.py::test_expression_indexes_ready_and_used_in_eligibility_probe__AC16. 3. Đối chiếu assertion với dữ liệu/kết quả dưới đây; lưu output vào evidence. | E22: Index name/ingredient/alias; EXPLAIN JSON sau ANALYZE/flush pending list | F22: Ba index valid/ready và GIN đúng expression; rollback-only probe dùng index tương ứng, không benchmark. | G22: 1 invocation đạt toàn bộ assertion trong lượt test 30/10; không skip. evidence/test-refresh-integration.xml | H22: Pass | I22: AC16 · EP (2) · tests/integration/test_catalog_index.py::test_expression_indexes_ready_and_used_in_eligibility_probe__AC16
A23: TC-CATINDEX-26 | B23: Kiểm lookup read-only và quyền client đóng | C23: Checkout task 4.12; dependencies backend/.venv sẵn có; chạy từ backend. Ca integration cần Supabase local riêng đã reset, không dùng DB deploy/chung; dữ liệu do test tạo. | D23: 1. Mở terminal tại backend. 2. Chạy .venv/Scripts/python.exe -m pytest -p no:cacheprovider -vv tests/integration/test_catalog_index.py::test_read_only_lookup_and_client_grants_remain_closed__AC21. 3. Đối chiếu assertion với dữ liệu/kết quả dưới đây; lưu output vào evidence. | E23: api_role READ ONLY; anon/authenticated trên3 bảng catalog | F23: Lookup thành công không ghi; hai client role không SELECT được bảng. | G23: 1 invocation đạt toàn bộ assertion trong lượt test 30/10; không skip. evidence/test-refresh-integration.xml | H23: Pass | I23: AC21 · EP (1) · tests/integration/test_catalog_index.py::test_read_only_lookup_and_client_grants_remain_closed__AC21
A24: TC-CATINDEX-27 | B24: Báo truncated riêng không bỏ cụm nhỏ | C24: Checkout task 4.12; dependencies backend/.venv sẵn có; chạy từ backend. Ca integration cần Supabase local riêng đã reset, không dùng DB deploy/chung; dữ liệu do test tạo. | D24: 1. Mở terminal tại backend. 2. Chạy .venv/Scripts/python.exe -m pytest -p no:cacheprovider -vv tests/unit/test_catalog_index.py::test_truncation_is_per_query_and_source_and_keeps_small_cluster. 3. Đối chiếu assertion với dữ liệu/kết quả dưới đây; lưu output vào evidence. | E24: Fake reader trả truncated theo từng query/source | F24: Coverage giữ truncated riêng; cụm nhỏ không bị cap toàn cục. | G24: 1 invocation đạt toàn bộ assertion trong lượt test 30/10; không skip. evidence/test-refresh-unit.xml | H24: Pass | I24: AC18 · Decision Table (R4) · tests/unit/test_catalog_index.py::test_truncation_is_per_query_and_source_and_keeps_small_cluster
A25: TC-CATINDEX-28 | B25: Áp dụng migration mới trên baseline có dữ liệu | C25: Checkout task 4.12; dependencies backend/.venv sẵn có; chạy từ backend. Ca integration cần Supabase local riêng đã reset, không dùng DB deploy/chung; dữ liệu do test tạo. | D25: 1. Tại gốc superproject, chạy backend/.venv/Scripts/python.exe work/4.12-ocr-text-normalization-catalog-index/scratch/test_refresh_upgrade.py. 2. Đối chiếu log test-refresh-migration-upgrade-final.log và JSON: passed=true, payload4, relations75, policies74, functions9. | E25: DB clone toàn schema local trừ alias index mới; thuốc/hoạt chất/alias/link tổng hợp | F25: Dữ liệu/ACL/RLS/policies/EXECUTE không đổi; GIN valid/ready; xóa DB thử đúng tên. | G25: Thực thi thành công trong lượt test 30/10; payload/ACL/RLS/policies/EXECUTE giữ nguyên. evidence/test-refresh-migration-upgrade-final.log | H25: Pass | I25: AC16, AC21 · EP (2) · · script upgrade local; evidence/test-refresh-migration-upgrade-final.log
A26: TC-CATINDEX-29 | B26: Áp dụng toàn migration từ DB sạch | C26: Checkout task 4.12; dependencies backend/.venv sẵn có; chạy từ backend. Ca integration cần Supabase local riêng đã reset, không dùng DB deploy/chung; dữ liệu do test tạo. | D26: 1. Tại backend, kiểm project_id DrugTime-backend và chỉ DB local riêng. 2. Chạy supabase start rồi supabase db reset --local. 3. Kiểm log áp dụng đủ migration, exit0 và fixture integration AC16. | E26: Supabase local DrugTime-backend; migration tới20261030025813 | F26: supabase db reset --local exit0, index alias được tạo; không sửa migration cũ. | G26: Thực thi thành công trong lượt test 30/10; Áp dụng toàn migration sạch tới index alias mới. evidence/test-refresh-db-reset.log | H26: Pass | I26: AC16 · EP (2) · · CLI local; evidence/test-refresh-db-reset.log
G29: Pass | H29: =COUNTIF(H9:H26,"Pass")
G30: Fail | H30: =COUNTIF(H9:H26,"Fail")
G31: Pending | H31: =COUNTIF(H9:H26,"Pending")
G32: Total | H32: =SUM(H29:H31)

Sheet Report
A1: TEST REPORT
C2: phucnguyenngoc | D2: Total
A3: Executed | B3: Passed | C3: ='Chuẩn hóa OCR'!$H$43+'Index danh mục'!$H$29 | D3: =SUM(C3:C3)
B4: Failed | C4: ='Chuẩn hóa OCR'!$H$44+'Index danh mục'!$H$30 | D4: =SUM(C4:C4)
B5: (Total) Test executed (Passed + Failed) | C5: =C3+C4 | D5: =SUM(C5:C5)
A6: Pending | C6: ='Chuẩn hóa OCR'!$H$45+'Index danh mục'!$H$31 | D6: =SUM(C6:C6)
A7: (Sub-total) Test Planned | C7: =C5+C6 | D7: =SUM(C7:C7)
A10: Function | B10: Description | C10: Sheet Name | D10: % TCs Executed | E10: % TCs Passed | F10: % TCs Failed | G10: Priority | H10: Remarks | I10: Done by
A11: Chuẩn hóa dòng và gom cụm OCR | B11: Chuẩn hóa dòng và gom cụm OCR | C11: Chuẩn hóa OCR | D11: =IFERROR(('Chuẩn hóa OCR'!$H$46-'Chuẩn hóa OCR'!$H$45)/'Chuẩn hóa OCR'!$H$46,0) | E11: =IFERROR('Chuẩn hóa OCR'!$H$43/'Chuẩn hóa OCR'!$H$46,0) | F11: =IFERROR('Chuẩn hóa OCR'!$H$44/'Chuẩn hóa OCR'!$H$46,0) | G11: High | H11: Kết quả của lượt test 30/10 theo 23 AC mới; toàn suite còn lỗi nền tách riêng trong 05. | I11: phucnguyenngoc
A12: Tra cứu catalog bằng index DB | B12: Tra cứu catalog bằng index DB | C12: Index danh mục | D12: =IFERROR(('Index danh mục'!$H$32-'Index danh mục'!$H$31)/'Index danh mục'!$H$32,0) | E12: =IFERROR('Index danh mục'!$H$29/'Index danh mục'!$H$32,0) | F12: =IFERROR('Index danh mục'!$H$30/'Index danh mục'!$H$32,0) | G12: High | H12: Kết quả của lượt test 30/10 theo 23 AC mới; toàn suite còn lỗi nền tách riêng trong 05. | I12: phucnguyenngoc
A35: Bug Report
A36: Bug ID | B36: Description | C36: Steps to Reproduce | D36: Input Data | E36: Expected Result | F36: Actual Result | G36: Severity | H36: Name of Tester | I36: Logs
