Workbook

Sheet OCR Prototype
A1: Project Name | B1: DrugTime
A2: Module Name | B2: Prototype ML Kit Android (OCRP)
A3: Created By | B3: Bao Nguyen
A4: Creation Date | B4: 46323
A5: Reviewed By
A6: Reviewed Date
K7: Equivalence Partitioning
A8: Test Case ID | B8: Description | C8: Precondition | D8: Test Steps | E8: Test Data | F8: Expected Result | G8: Actual Result | H8: Status | I8: Comments(if any) | K8: Field | L8: Valid | M8: Num | N8: Invalid | O8: Num
A9: TC-OCRP-01 | B9: Chạy ML Kit native trên thiết bị Android bắt buộc | C9: Thiết bị Android test được phép thao tác; không dùng app/data của người khác. | D9: 1. Mở prototype Android. 2. Nhập đúng image_id và model/OS/SDK/revision. 3. Chọn ảnh và chạy OCR. | E9: Ảnh gốc decolgen_forte_box_001; metadata thực | F9: Có ảnh/raw/status/timing thật, không backend; ghi rõ emulator/điện thoại đã kiểm. | H9: Pending | I9: AC1 · EP (1) · manual · chưa chạy mới trong phiên này | K9: Ảnh đầu vào | L9: Ảnh JPG bao bì đọc được | M9: 1 | N9: Hủy chọn (blank) Ảnh hỏng/không đọc được | O9: 2 3
A10: TC-OCRP-02 | B10: Xuất JSON qua native share sheet và đọc ngoài app | C10: Thiết bị Android test được phép thao tác; không dùng app/data của người khác. | D10: 1. Bấm xuất JSON trong prototype. 2. Lưu/chia sẻ ra ngoài app rồi đọc lại trên máy tính. 3. So từng ký tự và thử hủy share. | E10: Một run có chữ, runId riêng | F10: Raw/newline/metadata đủ, hủy không mất bản đã lưu. | H10: Pending | I10: AC2 · Chuyển trạng thái share · manual · chưa chạy mới trong phiên này
A11: TC-OCRP-03 | B11: Phân biệt ảnh không chữ trong native OCR | C11: Thiết bị Android test được phép thao tác; không dùng app/data của người khác. | D11: 1. Chọn ảnh trắng. 2. Chạy OCR. 3. Thử tiếp ảnh có chữ. | E11: Ảnh trắng, đúng định dạng | F11: no_text rõ, không crash, thử ảnh khác được. | H11: Pending | I11: AC3 · Phân lớp tương đương · manual · chưa chạy mới trong phiên này
A12: TC-OCRP-04 | B12: Từ chối ảnh hỏng hoặc không truy cập được | C12: Thiết bị Android test được phép thao tác; không dùng app/data của người khác. | D12: 1. Chọn file lỗi qua luồng phù hợp. 2. Quan sát lỗi. 3. Chọn lại ảnh hợp lệ. | E12: File .jpg byte hỏng hoặc quyền đọc bị từ chối | F12: input_error rõ, không crash, có thể thử lại. | H12: Pending | I12: AC3 · EP (3) · manual · chưa chạy mới trong phiên này
A13: TC-OCRP-05 | B13: Hủy chọn ảnh mà không tạo run OCR | C13: Thiết bị Android test được phép thao tác; không dùng app/data của người khác. | D13: 1. Mở chọn ảnh. 2. Bấm Back để hủy. 3. Kiểm tra history. | E13: (blank) do bấm Back ở picker | F13: Không tạo run/lỗi OCR giả; trạng thái dùng tiếp được. | H13: Pending | I13: AC3 · EP (2) · manual · chưa chạy mới trong phiên này
A14: TC-OCRP-06 | B14: Bấm lặp, Back, background và thử lại khi OCR đang chạy | C14: Thiết bị Android test được phép thao tác; không dùng app/data của người khác. | D14: 1. Bắt đầu OCR rồi bấm lặp. 2. Rời màn hình/background và mở lại. 3. Kiểm run/ảnh/raw tương ứng; thử lại. | E14: Ảnh đang xử lý; double tap; Back; background/process death | F14: Không chạy chồng/gán sai ảnh/cập nhật màn đóng; tài nguyên giải phóng đúng. | H14: Pending | I14: AC4 · Chuyển trạng thái · manual · chưa chạy mới trong phiên này
A15: TC-OCRP-07 | B15: Kiểm xử lý ảnh offline không mutation thuốc | C15: Thiết bị Android test được phép thao tác; không dùng app/data của người khác. | D15: 1. Tắt mạng trên thiết bị test. 2. Chạy OCR bao bì. 3. Kiểm log mạng và luồng không tạo thuốc. | E15: Tắt Wi-Fi/mobile data sau chuẩn bị plugin/model | F15: Nhận diện on-device; không gửi ảnh/backend/nhãn cho engine, không tạo thuốc. | H15: Pending | I15: AC6 · Kiểm offline · manual · chưa chạy mới trong phiên này
A16: TC-OCRP-08 | B16: Đối chiếu ảnh vỉ nghiêng với ảnh đối chứng | C16: Thiết bị Android test được phép thao tác; không dùng app/data của người khác. | D16: 1. Giữ nguyên ảnh gốc và đặt ID riêng. 2. Chạy cả ảnh nghiêng và đối chứng; lưu raw. 3. So vùng tên/điều kiện, không tự quy góc số. | E16: Ảnh vỉ hướng 1 giờ/7 giờ và ảnh đối chứng cùng chữ nhìn thấy | F16: Ghi đúng chất lượng/tên thiếu hoặc tách xa và hạn chế; không khẳng định nguyên nhân khi chưa có đối chứng. | H16: Pending | I16: AC5, AC8 · manual · OCR-TILT-01 · manual · chưa chạy mới trong phiên này
G19: Pass | H19: =COUNTIF(H9:H16,"Pass")
G20: Fail | H20: =COUNTIF(H9:H16,"Fail")
G21: Pending | H21: =COUNTIF(H9:H16,"Pending")
G22: Total | H22: =SUM(H19:H21)

Sheet OCR Dataset
A1: Project Name | B1: DrugTime
A2: Module Name | B2: Nhập và đánh giá OCR dataset (OCRD)
A3: Created By | B3: Bao Nguyen
A4: Creation Date | B4: 46323
A5: Reviewed By
A6: Reviewed Date
K7: Equivalence Partitioning | Q7: Nhập raw không ghi đè
A8: Test Case ID | B8: Description | C8: Precondition | D8: Test Steps | E8: Test Data | F8: Expected Result | G8: Actual Result | H8: Status | I8: Comments(if any) | K8: Field | L8: Valid | M8: Num | N8: Invalid | O8: Num | Q8: Rule | R8: R1 | S8: R2 | T8: R3
A9: TC-OCRD-01 | B9: Chặn benchmark khi byte ảnh thực đổi | C9: Đứng tại gốc repo; Python 3.10+; không cần bật Android. Fixture tạo trong TEMP. | D9: 1. Chạy python -m unittest discover -s datasets/scripts -p test_evaluate_ocr.py -k test_benchmark_actual_image_change_is_pending -v 2. Đọc output và kiểm test cùng tên kết thúc ok. Fixture tự dọn sau chạy. | E9: Snapshot frozen, img1 bytes đổi thành changed | F9: pending với lỗi Actual dataset hash | G9: test_benchmark_actual_image_change_is_pending: ok trong bộ 41 test chạy ngày 2026-10-29 (1.113s). | H9: Pass | I9: AC7 · Chuyển trạng thái snapshot · test_benchmark_actual_image_change_is_pending · evidence/test-v1-unit.log | K9: Raw tên thuốc | L9: Cụm tên exact sau NFC/case/whitespace Đủ token nhưng bị tách/đảo | M9: 1 2 | N9: Sai ký tự/thiếu tên No text | O9: 3 4 | Q9: RunId đã tồn tại? | R9: No | S9: Yes | T9: Yes
A10: TC-OCRD-02 | B10: Áp ngưỡng frozen trên fixture đủ dữ liệu | C10: Đứng tại gốc repo; Python 3.10+; không cần bật Android. Fixture tạo trong TEMP. | D10: 1. Chạy python -m unittest discover -s datasets/scripts -p test_evaluate_ocr.py -k test_benchmark_fixture_go_and_no_go -v 2. Đọc output và kiểm test cùng tên kết thúc ok. Fixture tự dọn sau chạy. | E10: threshold_name=1,latency<=100; raw exact rồi raw wrong | F10: Fixture exact→go, wrong→no-go; không phải kết luận dataset thật | G10: test_benchmark_fixture_go_and_no_go: ok trong bộ 41 test chạy ngày 2026-10-29 (1.113s). | H10: Pass | I10: AC7 · BVA (ngưỡng 1) · test_benchmark_fixture_go_and_no_go · evidence/test-v1-unit.log | Q10: Byte giống bản đích? | R10: - | S10: Yes | T10: No
A11: TC-OCRD-03 | B11: Chặn kết luận benchmark khi thiếu protocol hoặc draft | C11: Đứng tại gốc repo; Python 3.10+; không cần bật Android. Fixture tạo trong TEMP. | D11: 1. Chạy python -m unittest discover -s datasets/scripts -p test_evaluate_ocr.py -k test_benchmark_missing_or_draft_is_pending -v 2. Đọc output và kiểm test cùng tên kết thúc ok. Fixture tự dọn sau chạy. | E11: Không protocol/manifest; status=draft | F11: decision=pending, không go/no-go | G11: test_benchmark_missing_or_draft_is_pending: ok trong bộ 41 test chạy ngày 2026-10-29 (1.113s). | H11: Pass | I11: AC7, AC8 · Bảng quyết định · test_benchmark_missing_or_draft_is_pending · evidence/test-v1-unit.log | Q11: Action | R11: R1 | S11: R2 | T11: R3
A12: TC-OCRD-04 | B12: Chặn benchmark thiếu các điều kiện bằng chứng | C12: Đứng tại gốc repo; Python 3.10+; không cần bật Android. Fixture tạo trong TEMP. | D12: 1. Chạy python -m unittest discover -s datasets/scripts -p test_evaluate_ocr.py -k test_benchmark_pre_freeze_config_coverage_verification_phase -v 2. Đọc output và kiểm test cùng tên kết thúc ok. Fixture tự dọn sau chạy. | E12: Run trước freeze; build khác; repetitions2; labels_verified=false; thiếu phase hoặc device | F12: Mỗi cấu hình thiếu đều pending, không có go giả | G12: test_benchmark_pre_freeze_config_coverage_verification_phase: ok trong bộ 41 test chạy ngày 2026-10-29 (1.113s). | H12: Pass | I12: AC7, AC8 · Bảng quyết định · test_benchmark_pre_freeze_config_coverage_verification_phase · evidence/test-v1-unit.log | Q12: Nhập nguyên byte | R12: X
A13: TC-OCRD-05 | B13: Bảo vệ dữ liệu giống công thức khi xuất CSV | C13: Đứng tại gốc repo; Python 3.10+; không cần bật Android. Fixture tạo trong TEMP. | D13: 1. Chạy python -m unittest discover -s datasets/scripts -p test_evaluate_ocr.py -k test_csv_formula_injection -v 2. Đọc output và kiểm test cùng tên kết thúc ok. Fixture tự dọn sau chạy. | E13: =SUM(1,2); +1; -1; @name; khoảng trắng rồi =BAD | F13: Giá trị được thêm dấu quote bảo vệ, raw không sửa | G13: test_csv_formula_injection: ok trong bộ 41 test chạy ngày 2026-10-29 (1.113s). | H13: Pass | I13: AC13 · Đoán lỗi · test_csv_formula_injection · evidence/test-v1-unit.log | Q13: Skip an toàn | S13: X
A14: TC-OCRD-06 | B14: Giữ lỗi ở lần sớm thay vì lấy retry tốt | C14: Đứng tại gốc repo; Python 3.10+; không cần bật Android. Fixture tạo trong TEMP. | D14: 1. Chạy python -m unittest discover -s datasets/scripts -p test_evaluate_ocr.py -k test_earliest_failed_run_is_not_replaced_by_good_retry -v 2. Đọc output và kiểm test cùng tên kết thúc ok. Fixture tự dọn sau chạy. | E14: early engine_error; later exact; hai ảnh có nhãn | F14: Chọn early, evaluated=1,correct=0,coverage=1/2; giữ retry | G14: test_earliest_failed_run_is_not_replaced_by_good_retry: ok trong bộ 41 test chạy ngày 2026-10-29 (1.113s). | H14: Pass | I14: AC5, AC12 · Chuyển trạng thái chạy lại · test_earliest_failed_run_is_not_replaced_by_good_retry · evidence/test-v1-unit.log | Q14: Conflict, không overwrite | T14: X
A15: TC-OCRD-07 | B15: Giữ rõ timestamp sai và ID không ánh xạ | C15: Đứng tại gốc repo; Python 3.10+; không cần bật Android. Fixture tạo trong TEMP. | D15: 1. Chạy python -m unittest discover -s datasets/scripts -p test_evaluate_ocr.py -k test_invalid_time_and_unmapped_remain_visible -v 2. Đọc output và kiểm test cùng tên kết thúc ok. Fixture tự dọn sau chạy. | E15: invalid date không timezone; imageId=1 | F15: invalid_run=1,unmapped=1,not_run=2; errors=2 | G15: test_invalid_time_and_unmapped_remain_visible: ok trong bộ 41 test chạy ngày 2026-10-29 (1.113s). | H15: Pass | I15: AC5, AC9 · Đoán lỗi · test_invalid_time_and_unmapped_remain_visible · evidence/test-v1-unit.log
A16: TC-OCRD-08 | B16: Từ chối manifest thiếu nhãn/verification | C16: Đứng tại gốc repo; Python 3.10+; không cần bật Android. Fixture tạo trong TEMP. | D16: 1. Chạy python -m unittest discover -s datasets/scripts -p test_evaluate_ocr.py -k test_malformed_manifest_does_not_produce_go -v 2. Đọc output và kiểm test cùng tên kết thúc ok. Fixture tự dọn sau chạy. | E16: images chỉ có image_id=img1 | F16: pending, không tạo kết luận go | G16: test_malformed_manifest_does_not_produce_go: ok trong bộ 41 test chạy ngày 2026-10-29 (1.113s). | H16: Pass | I16: AC7 · Đoán lỗi · test_malformed_manifest_does_not_produce_go · evidence/test-v1-unit.log
A17: TC-OCRD-09 | B17: Không chấm ảnh khi hash nhập khác ảnh nhãn | C17: Đứng tại gốc repo; Python 3.10+; không cần bật Android. Fixture tạo trong TEMP. | D17: 1. Chạy python -m unittest discover -s datasets/scripts -p test_evaluate_ocr.py -k test_mapping_and_image_hash_mismatch -v 2. Đọc output và kiểm test cùng tên kết thúc ok. Fixture tự dọn sau chạy. | E17: Mapping run1→img1 hợp lệ, sau đó provenance image hash sai | F17: Trước đó exact; sau mismatch invalid_run và ảnh not_run | G17: test_mapping_and_image_hash_mismatch: ok trong bộ 41 test chạy ngày 2026-10-29 (1.113s). | H17: Pass | I17: AC9, AC11 · Chuyển trạng thái hash · test_mapping_and_image_hash_mismatch · evidence/test-v1-unit.log
A18: TC-OCRD-10 | B18: Không cộng token tách xa vào tử số exact | C18: Đứng tại gốc repo; Python 3.10+; không cần bật Android. Fixture tạo trong TEMP. | D18: 1. Chạy python -m unittest discover -s datasets/scripts -p test_evaluate_ocr.py -k test_name_layout_diagnostic_not_counted_exact -v 2. Đọc output và kiểm test cùng tên kết thúc ok. Fixture tự dọn sau chạy. | E18: DECOLGEN PHARMA FORTE | F18: tokens_present_noncontiguous, correct=0 | G18: test_name_layout_diagnostic_not_counted_exact: ok trong bộ 41 test chạy ngày 2026-10-29 (1.113s). | H18: Pass | I18: AC5 · EP (2) · test_name_layout_diagnostic_not_counted_exact · evidence/test-v1-unit.log
A19: TC-OCRD-11 | B19: Hiện đầy đủ ảnh chưa chạy khi raw rỗng | C19: Đứng tại gốc repo; Python 3.10+; không cần bật Android. Fixture tạo trong TEMP. | D19: 1. Chạy python -m unittest discover -s datasets/scripts -p test_evaluate_ocr.py -k test_no_runs_lists_every_image_and_no_fake_accuracy -v 2. Đọc output và kiểm test cùng tên kết thúc ok. Fixture tự dọn sau chạy. | E19: Hai nhãn hợp lệ; raw chưa có file | F19: Hai not_run; accuracy=null; coverage=0; not_decided | G19: test_no_runs_lists_every_image_and_no_fake_accuracy: ok trong bộ 41 test chạy ngày 2026-10-29 (1.113s). | H19: Pass | I19: AC5, AC8 · Decision về pilot · test_no_runs_lists_every_image_and_no_fake_accuracy · evidence/test-v1-unit.log
A20: TC-OCRD-12 | B20: Tính no_text là ảnh đã chạy nhưng không đạt | C20: Đứng tại gốc repo; Python 3.10+; không cần bật Android. Fixture tạo trong TEMP. | D20: 1. Chạy python -m unittest discover -s datasets/scripts -p test_evaluate_ocr.py -k test_no_text_counts_failed_not_excluded -v 2. Đọc output và kiểm test cùng tên kết thúc ok. Fixture tự dọn sau chạy. | E20: status=no_text, raw=(blank) | F20: evaluated=1,accuracy=0; không bỏ ảnh khỏi mẫu số | G20: test_no_text_counts_failed_not_excluded: ok trong bộ 41 test chạy ngày 2026-10-29 (1.113s). | H20: Pass | I20: AC5 · EP (4) · test_no_text_counts_failed_not_excluded · evidence/test-v1-unit.log
A21: TC-OCRD-13 | B21: Báo raw bị đổi sau import | C21: Đứng tại gốc repo; Python 3.10+; không cần bật Android. Fixture tạo trong TEMP. | D21: 1. Chạy python -m unittest discover -s datasets/scripts -p test_evaluate_ocr.py -k test_raw_hash_differs_from_import_provenance -v 2. Đọc output và kiểm test cùng tên kết thúc ok. Fixture tự dọn sau chạy. | E21: import-index sha256=wrong cho run1 | F21: invalid_run và data error, không chấm raw đã đổi | G21: test_raw_hash_differs_from_import_provenance: ok trong bộ 41 test chạy ngày 2026-10-29 (1.113s). | H21: Pass | I21: AC11 · Chuyển trạng thái hash · test_raw_hash_differs_from_import_provenance · evidence/test-v1-unit.log
A22: TC-OCRD-14 | B22: Xuất CSV/JSON/Markdown bằng CLI và giữ source | C22: Đứng tại gốc repo; Python 3.10+; không cần bật Android. Fixture tạo trong TEMP. | D22: 1. Chạy python -m unittest discover -s datasets/scripts -p test_evaluate_ocr.py -k test_reports_and_cli_preserve_sources -v 2. Đọc output và kiểm test cùng tên kết thúc ok. Fixture tự dọn sau chạy. | E22: Hai nhãn, một run exact; output folder riêng | F22: Exit0; đủ ba file; coverage1/2; source raw/XLSX không đổi | G22: test_reports_and_cli_preserve_sources: ok trong bộ 41 test chạy ngày 2026-10-29 (1.113s). | H22: Pass | I22: AC13 · Kiểm CLI · test_reports_and_cli_preserve_sources · evidence/test-v1-unit.log
A23: TC-OCRD-15 | B23: Báo điểm riêng máy ảo và điện thoại | C23: Đứng tại gốc repo; Python 3.10+; không cần bật Android. Fixture tạo trong TEMP. | D23: 1. Chạy python -m unittest discover -s datasets/scripts -p test_evaluate_ocr.py -k test_two_device_types_and_os_are_scored_separately -v 2. Đọc output và kiểm test cùng tên kết thúc ok. Fixture tự dọn sau chạy. | E23: Hai run cùng ảnh: emulator và physical | F23: Hai nhóm score riêng, mỗi nhóm evaluated=1 | G23: test_two_device_types_and_os_are_scored_separately: ok trong bộ 41 test chạy ngày 2026-10-29 (1.113s). | H23: Pass | I23: AC12 · Phân lớp tương đương · test_two_device_types_and_os_are_scored_separately · evidence/test-v1-unit.log
A24: TC-OCRD-16 | B24: Nối ảnh bằng hash ADB mà không sửa payload | C24: Đứng tại gốc repo; Python 3.10+; không cần bật Android. Fixture tạo trong TEMP. | D24: 1. Chạy python -m unittest discover -s datasets/scripts -p test_import_android_runs.py -k test_adb_hash_mapping_and_device_observation_do_not_rewrite_raw -v 2. Đọc output và kiểm test cùng tên kết thúc ok. Fixture tự dọn sau chạy. | E24: ADB giả có run1 imageId=1, hash khớp img1 | F24: Có mapping img1 và observed_device=emulator; JSON nguyên byte | G24: test_adb_hash_mapping_and_device_observation_do_not_rewrite_raw: ok trong bộ 41 test chạy ngày 2026-10-29 (1.113s). | H24: Pass | I24: AC2, AC11 · Phân lớp tương đương · test_adb_hash_mapping_and_device_observation_do_not_rewrite_raw · evidence/test-v1-unit.log
A25: TC-OCRD-17 | B25: Từ chối ghi đè runId có raw khác | C25: Đứng tại gốc repo; Python 3.10+; không cần bật Android. Fixture tạo trong TEMP. | D25: 1. Chạy python -m unittest discover -s datasets/scripts -p test_import_android_runs.py -k test_conflict_never_overwrites -v 2. Đọc output và kiểm test cùng tên kết thúc ok. Fixture tự dọn sau chạy. | E25: run1 đã nhập, source raw đổi thành changed | F25: Báo conflict, raw đích giữ nguyên | G25: test_conflict_never_overwrites: ok trong bộ 41 test chạy ngày 2026-10-29 (1.113s). | H25: Pass | I25: AC11 · Decision Table (R3) · test_conflict_never_overwrites · evidence/test-v1-unit.log
A26: TC-OCRD-18 | B26: Yêu cầu serial rõ khi dùng ADB | C26: Đứng tại gốc repo; Python 3.10+; không cần bật Android. Fixture tạo trong TEMP. | D26: 1. Chạy python -m unittest discover -s datasets/scripts -p test_import_android_runs.py -k test_explicit_serial_required -v 2. Đọc output và kiểm test cùng tên kết thúc ok. Fixture tự dọn sau chạy. | E26: --adb adb nhưng thiếu --serial | F26: Từ chối bắt đầu, không chọn ngẫu nhiên thiết bị | G26: test_explicit_serial_required: ok trong bộ 41 test chạy ngày 2026-10-29 (1.113s). | H26: Pass | I26: AC11 · Phân lớp tương đương · test_explicit_serial_required · evidence/test-v1-unit.log
... A54: TC-OCRD-46 | B54: Giữ nguyên ảnh/nhãn/raw gốc sau pipeline | C54: Có snapshot v1 và 49 raw gốc. | D54: 1. Chạy python work/4.09-mlkit-prototype/scratch/test_v1_pipeline.py 2. Đối chiếu PASS HOST5. | E54: Workbook, annotations, manifest, 49 ảnh và 49 raw. | F54: Mọi byte hash nguồn trước/sau đều khớp. | G54: PASS HOST5; mọi nguồn giữ nguyên. | H54: Pass | I54: AC6, AC11 · Kiểm bất biến · evidence/test-v1-integration.log
A55: TC-OCRD-47 | B55: Xác minh nhãn và hàm lượng bằng ảnh bao bì | C55: Có người kiểm tra độc lập; giữ nguyên ảnh gốc và workbook. | D55: 1. Đối chiếu lần lượt 49 ảnh v1 với drug_name/strength và annotations.v1.csv. 2. Ghi người/ngày xác minh; phần không nhìn thấy không đoán. | E55: 49 ảnh v1; Efferalgan 500mg; Tiffy nhiều thành phần; 1-AL hộp trắng không thấy strength; các nhãn vừa rà theo ảnh. | F55: Nhãn được xác minh từ ảnh; strength thiếu/multi-component chưa có protocol thì unscored. | H55: Pending | I55: AC5, AC10 · manual · chưa có kiểm tra độc lập phiên này
A56: TC-OCRD-49 | B56: Đối chiếu GO kỹ thuật của người phụ trách với pilot tự động | C56: Có manifest v1 và decision/report pilot-002 đã được lập theo xác nhận người dùng. | D56: 1. Chạy bundled Python work/4.08-ocr-capture-evaluation/scratch/verify_v1.py. 2. Kiểm PASS T8, ngày/lý do/giới hạn quyết định và SHA-256 report/raw. | E56: decision=go,decision_type=engineering_pilot,decided_at=2026-10-29; summary decision=not_decided. | F56: Quyết định riêng hợp lệ, hash snapshot/report/raw khớp; không tuyên bố đạt benchmark hoặc matching. | G56: PASS T8; GO kỹ thuật riêng, automatic not_decided; đủ hash, ngày/lý do/giới hạn. | H56: Pass | I56: AC7, AC8, AC13 · Bảng quyết định · ../4.08-ocr-capture-evaluation/evidence/test-v1-integrity.log
G59: Pass | H59: =COUNTIF(H9:H56,"Pass")
G60: Fail | H60: =COUNTIF(H9:H56,"Fail")
G61: Pending | H61: =COUNTIF(H9:H56,"Pending")
G62: Total | H62: =SUM(H59:H61)

Sheet Report
A1: TEST REPORT
C2: Bao Nguyen | D2: Total
A3: Executed | B3: Passed | C3: ='OCR Prototype'!$H$19+'OCR Dataset'!$H$59 | D3: =SUM(C3:C3)
B4: Failed | C4: ='OCR Prototype'!$H$20+'OCR Dataset'!$H$60 | D4: =SUM(C4:C4)
B5: (Total) Test executed (Passed + Failed) | C5: =C3+C4 | D5: =SUM(C5:C5)
A6: Pending | C6: ='OCR Prototype'!$H$21+'OCR Dataset'!$H$61 | D6: =SUM(C6:C6)
A7: (Sub-total) Test Planned | C7: =C5+C6 | D7: =SUM(C7:C7)
A10: Function | B10: Description | C10: Sheet Name | D10: % TCs Executed | E10: % TCs Passed | F10: % TCs Failed | G10: Priority | H10: Remarks | I10: Done by
A11: Prototype ML Kit Android | B11: Prototype ML Kit Android | C11: OCR Prototype | D11: =IFERROR(('OCR Prototype'!$H$22-'OCR Prototype'!$H$21)/'OCR Prototype'!$H$22,0) | E11: =IFERROR('OCR Prototype'!$H$19/'OCR Prototype'!$H$22,0) | F11: =IFERROR('OCR Prototype'!$H$20/'OCR Prototype'!$H$22,0) | G11: Medium | H11: Cập nhật 2026-10-29: pilot v1 49 ảnh; GO kỹ thuật riêng; manual chưa chạy giữ Pending. | I11: Bao Nguyen
A12: Nhập và đánh giá OCR dataset | B12: Nhập và đánh giá OCR dataset | C12: OCR Dataset | D12: =IFERROR(('OCR Dataset'!$H$62-'OCR Dataset'!$H$61)/'OCR Dataset'!$H$62,0) | E12: =IFERROR('OCR Dataset'!$H$59/'OCR Dataset'!$H$62,0) | F12: =IFERROR('OCR Dataset'!$H$60/'OCR Dataset'!$H$62,0) | G12: Medium | H12: Cập nhật 2026-10-29: pilot v1 49 ảnh; GO kỹ thuật riêng; manual chưa chạy giữ Pending. | I12: Bao Nguyen
A35: Bug Report
A36: Bug ID | B36: Description | C36: Steps to Reproduce | D36: Input Data | E36: Expected Result | F36: Actual Result | G36: Severity | H36: Name of Tester | I36: Logs
