Workbook

Sheet Android build
A1: Project Name | B1: DrugTime
A2: Module Name | B2: Build ứng dụng Android (BUILD)
A3: Created By | B3: zannguyen
A4: Creation Date | B4: 46303
A5: Reviewed By
A6: Reviewed Date
K7: Equivalence Partitioning | Q7: Kết quả flutter build apk --debug
A8: Test Case ID | B8: Description | C8: Precondition | D8: Test Steps | E8: Test Data | F8: Expected Result | G8: Actual Result | H8: Status | I8: Comments(if any) | K8: Field | L8: Valid | M8: Num | N8: Invalid | O8: Num | Q8: Rule | R8: R1 | S8: R2 | T8: R3
A9: TC-BUILD-01 | B9: Build APK debug trên mã nguồn chưa sửa (main 1dc7d37) để xác nhận lỗi | C9: frontend ở commit 1dc7d37 (main), chưa bật desugaring, flutter_timezone 2.1.0; Android SDK và JDK 17 đã cài | D9: 1. cd frontend/mobile 2. flutter build apk --debug --dart-define=DRUGTIME_API_BASE_URL=http://10.0.2.2:8000 | E9: Desugaring: không bật; flutter_timezone: ^2.0.1 | F9: Build fail ở task :app:checkDebugAarMetadata với thông báo "Dependency ':flutter_local_notifications' requires core library desugaring to be enabled for :app." | G9: Fail ở :app:checkDebugAarMetadata, đúng thông báo trên, exit 1 | H9: Pass | I9: AC1 (trước khi sửa) · Decision Table (R1) · EP (3,4) · evidence/implement-P1-before.log | K9: Cấu hình core library desugaring trong android/app/build.gradle.kts | L9: Bật (isCoreLibraryDesugaringEnabled = true + desugar_jdk_libs) | M9: 1 | N9: Không bật | O9: 3 | Q9: Bật desugaring? | R9: No | S9: Yes | T9: Yes
A10: TC-BUILD-02 | B10: Build APK debug khi chỉ bật desugaring, chưa nâng flutter_timezone | C10: Như TC-BUILD-01, đã thêm isCoreLibraryDesugaringEnabled = true và coreLibraryDesugaring("com.android.tools:desugar_jdk_libs:2.1.4") | D10: 1. cd frontend/mobile 2. flutter build apk --debug --dart-define=DRUGTIME_API_BASE_URL=http://10.0.2.2:8000 | E10: Desugaring: bật; flutter_timezone: 2.1.0 | F10: Build fail ở :flutter_timezone:compileDebugKotlin với "Unresolved reference 'Registrar'" | G10: Fail ở :flutter_timezone:compileDebugKotlin, FlutterTimezonePlugin.kt:12:48 Unresolved reference 'Registrar', exit 1 | H10: Pass | I10: AC1 · Decision Table (R2) · EP (1,4) · evidence/implement-P2.log | K10: Phiên bản flutter_timezone | L10: ≥ 3.0 (dùng 5.1.1, embedding v2) | M10: 2 | N10: 2.x (dùng PluginRegistry.Registrar đã bị gỡ) | O10: 4 | Q10: flutter_timezone ≥ 3.0? | R10: No | S10: No | T10: Yes
A11: TC-BUILD-03 | B11: Build APK debug sau khi sửa (bật desugaring và nâng flutter_timezone) | C11: frontend nhánh fix/adhoc-20261007-android-desugaring: desugaring bật, flutter_timezone ^5.1.1 | D11: 1. cd frontend/mobile 2. flutter build apk --debug --dart-define=DRUGTIME_API_BASE_URL=http://10.0.2.2:8000 | E11: Desugaring: bật; flutter_timezone: 5.1.1 | F11: Build thành công, tạo build/app/outputs/flutter-apk/app-debug.apk, exit 0 | G11: √ Built build\app\outputs\flutter-apk\app-debug.apk, exit 0 | H11: Pass | I11: AC1 (hồi quy) · Decision Table (R3) · EP (1,2) · evidence/implement-P3.log | Q11: Action | R11: R1 | S11: R2 | T11: R3
A12: TC-BUILD-04 | B12: Phân tích tĩnh mã Dart sau khi sửa | C12: Như TC-BUILD-03 | D12: 1. cd frontend/mobile 2. flutter analyze --no-fatal-infos | E12: (không có) | F12: No issues found! | G12: No issues found! (ran in 8.1s) | H12: Pass | I12: AC2 · evidence/implement-final-frontend.log | Q12: Fail :app:checkDebugAarMetadata (requires core library desugaring) | R12: X
A13: TC-BUILD-05 | B13: Chạy toàn bộ unit/widget test của Mobile App sau khi sửa | C13: Như TC-BUILD-03 | D13: 1. cd frontend/mobile 2. flutter test | E13: (không có) | F13: All tests passed!, không có test fail hay skip | G13: +331: All tests passed! | H13: Pass | I13: AC2 · evidence/implement-final-frontend.log | Q13: Fail :flutter_timezone:compileDebugKotlin (Unresolved reference 'Registrar') | S13: X
A14: TC-BUILD-06 | B14: Kiểm phụ thuộc trong pubspec sau khi sửa và không đổi mã Dart | C14: Như TC-BUILD-03 | D14: 1. Mở frontend/mobile/pubspec.yaml, tìm flutter_local_notifications, timezone, flutter_timezone 2. Mở pubspec.lock, xem khối flutter_timezone 3. git -C frontend diff --stat -- mobile/lib | E14: (không có) | F14: pubspec.yaml còn flutter_local_notifications ^17.2.2 và timezone ^0.9.4, flutter_timezone ^5.1.1; pubspec.lock khóa flutter_timezone 5.1.1; không có thay đổi trong mobile/lib | G14: pubspec.yaml dòng 19–21 đúng như mong đợi; pubspec.lock version "5.1.1"; diff mobile/lib rỗng | H14: Pass | I14: AC3 · manual · evidence/testcase-TC-BUILD-06.log | Q14: Build thành công app-debug.apk | T14: X
A15: TC-BUILD-07 | B15: Cài APK đã sửa lên Android emulator và mở app | C15: Android emulator (emulator-5554) đã khởi động xong; APK từ TC-BUILD-03 | D15: 1. adb -s emulator-5554 install -r build/app/outputs/flutter-apk/app-debug.apk 2. adb -s emulator-5554 shell monkey -p vn.drugtime.drugtime_mobile -c android.intent.category.LAUNCHER 1 3. Chờ 15 giây, kiểm tiến trình app và logcat 4. Chụp màn hình | E15: Gói vn.drugtime.drugtime_mobile | F15: Cài Success; app chạy (có pid), logcat không có FATAL EXCEPTION; màn hình hiện "Đăng nhập" với tab "Số điện thoại" và nút "Gửi mã OTP" | G15: Performing Streamed Install – Success; pid 6852; không có FATAL EXCEPTION; màn hình Đăng nhập hiện đúng | H15: Pass | I15: AC4 · manual · evidence/implement-P5.log, evidence/implement-P5-login.png
A16: TC-BUILD-08 | B16: Chạy workflow Mobile CI có bước build APK trên pull request | C16: Nhánh fix/adhoc-20261007-android-desugaring của frontend đã push và mở PR vào main | D16: 1. Mở tab Actions của PR 2. Xem job build-and-test của workflow Mobile CI | E16: Workflow .github/workflows/mobile-ci.yml (bước setup-java 17 và "Build Android APK (debug)") | F16: Mọi bước xanh, gồm "Build Android APK (debug)" | G16: PR frontend #27, run 37658903070 trên e897a56: conclusion=success; mọi bước success, gồm "Build Android APK (debug)" (✓ Built build/app/outputs/flutter-apk/app-debug.apk), thời gian job 5m44s | H16: Pass | I16: AC5 · manual (GitHub Actions) · evidence/ci-pr27.log
A17: TC-BUILD-09 | B17: Cài phụ thuộc theo đúng lockfile bằng Flutter stable của team | C17: Máy có Flutter stable bản mới nhất (Dart ≥ 3.13); frontend nhánh fix | D17: 1. cd frontend/mobile 2. flutter pub get --enforce-lockfile | E17: pubspec.lock đã sửa tối thiểu (flutter_timezone 5.1.1, thêm equatable 3.0.0) | F17: Thành công, không báo lockfile cần cập nhật | H17: Pending | I17: Error Guessing · manual · máy implement dùng Flutter master cũ hơn (Dart 3.12) nên không kiểm được. Bằng chứng gián tiếp: CI PR #27 (Flutter stable 3.x) chạy flutter pub get báo "Got dependencies!", không đổi phụ thuộc nào (evidence/ci-pr27.log); chưa chạy đúng --enforce-lockfile
G20: Pass | H20: =COUNTIF(H9:H17,"Pass")
G21: Fail | H21: =COUNTIF(H9:H17,"Fail")
G22: Pending | H22: =COUNTIF(H9:H17,"Pending")
G23: Total | H23: =SUM(H20:H22)

Sheet Đăng nhập người dùng
A1: Project Name | B1: DrugTime
A2: Module Name | B2: Đăng nhập người dùng (LOGIN)
A3: Created By | B3: zannguyen
A4: Creation Date | B4: 46303
A5: Reviewed By
A6: Reviewed Date
K7: Equivalence Partitioning | Q7: Kết quả POST /auth/mobile/verify
A8: Test Case ID | B8: Description | C8: Precondition | D8: Test Steps | E8: Test Data | F8: Expected Result | G8: Actual Result | H8: Status | I8: Comments(if any) | K8: Field | L8: Valid | M8: Num | N8: Invalid | O8: Num | Q8: Rule | R8: R1 | S8: R2 | T8: R3 | U8: R4 | V8: R5 | W8: R6
A9: TC-LOGIN-01 | B9: Đăng nhập lại bằng email OTP với tài khoản đã có hồ sơ | C9: Tài khoản email đã đăng nhập OTP một lần và hoàn thiện hồ sơ | D9: 1. Lấy mã OTP mới cho email 2. POST /auth/mobile/verify {email, token} | E9: email: it-login-<ngẫu nhiên>@example.com; token: mã 6 số từ Supabase | F9: 200; user_id trùng lần đầu; profile_complete=true; session.session_type="mobile"; expires_in = 864000 ± 60; không có field supabase, không có refresh_token; bảng users có đúng 1 dòng cho email | G9: Đúng như mong đợi | H9: Pass | I9: AC1 · Decision Table (R6) · EP (4,6) · test_returning_email_user_same_id_profile_complete__AC1 | K9: phone | L9: Số nội địa 0xxxxxxxxx Số quốc tế +84xxxxxxxxx Có khoảng trắng, gạch, khoảng trắng hai đầu | M9: 1 2 3 | N9: 84… thiếu dấu + Có ngoặc hoặc chữ Chữ số Unicode (full-width, Ả Rập) Khoảng trắng không ngắt ở giữa Độ dài < 9 hoặc > 16 ký tự (kể cả +) Sai kiểu JSON (số, mảng, object, bool) | O9: 13 14 15 16 17 18 | Q9: Định danh hợp lệ? | R9: No | S9: Yes | T9: Yes | U9: Yes | V9: Yes | W9: Yes
A10: TC-LOGIN-02 | B10: Đăng nhập bằng số điện thoại dạng nội địa | C10: Số thử test_otp 84900000001 = 123456 trên Supabase local | D10: 1. POST /auth/mobile/verify {phone: "0900000001", token: "123456"} 2. Đọc users.phone_number của user_id trả về | E10: phone: 0900000001; token: 123456 | F10: 200; users.phone_number = "+84900000001" | G10: 200; phone_number = +84900000001 | H10: Pass | I10: AC2 · EP (1,6) · test_local_phone_format_logs_in_and_wrong_otp_401__AC2 | K10: email | L10: Email chữ thường Có chữ hoa hoặc khoảng trắng hai đầu | M10: 4 5 | N10: Sai định dạng (thiếu @, thiếu tên miền, nhiều @, có khoảng trắng) Rỗng hoặc chỉ khoảng trắng (không có phone) | O10: 19 20 | Q10: Mã OTP đúng? | R10: - | S10: No | T10: Yes | U10: Yes | V10: Yes | W10: Yes
A11: TC-LOGIN-03 | B11: Xác thực số điện thoại với mã OTP sai | C11: Như TC-LOGIN-02 | D11: 1. POST /auth/mobile/verify {phone: "0900000001", token: "000000"} | E11: token: 000000 | F11: 401 {"detail":"Invalid credentials"}; không chứa msg, error_code, otp_expired của Supabase | G11: 401 {"detail":"Invalid credentials"} | H11: Pass | I11: AC2 · Decision Table (R2) · EP (21) · test_local_phone_format_logs_in_and_wrong_otp_401__AC2 | K11: token (OTP) | L11: Đúng mã 6 chữ số | M11: 6 | N11: Sai mã 6 chữ số Rỗng Chỉ khoảng trắng Sai độ dài, có chữ, rất dài Chuỗi injection/ký tự đặc biệt | O11: 21 22 23 24 25 | Q11: Tài khoản | R11: - | S11: - | T11: Đã xóa | U11: Admin | V11: Thường, chưa có hồ sơ | W11: Thường, đủ hồ sơ
A12: TC-LOGIN-04 | B12: Đăng nhập Mobile App bằng tài khoản admin | C12: Tài khoản có users.system_role = 'admin' | D12: 1. Lấy mã OTP email của admin 2. POST /auth/mobile/verify {email, token} | E12: email: it-login-admin-<ngẫu nhiên>@example.com | F12: 403 {"detail":"admin_must_use_web"}; không cấp session | G12: 403 {"detail":"admin_must_use_web"}, không có session | H12: Pass | I12: AC3 · Decision Table (R4) · test_admin_account_on_mobile_forbidden__AC3 | K12: ho_ten | L12: Tiếng Việt có dấu Emoji Chuỗi SQL/HTML/template (lưu như dữ liệu) Dài đúng 255 ký tự | M12: 7 8 9 10 | N12: Rỗng hoặc chỉ khoảng trắng Dài > 255 ký tự Có ký tự NUL | O12: 26 27 28 | Q12: Action | R12: R1 | S12: R2 | T12: R3 | U12: R4 | V12: R5 | W12: R6
A13: TC-LOGIN-05 | B13: Dùng phiên cũ và đăng nhập lại sau khi tài khoản bị xóa | C13: User đã đăng nhập, đang giữ phiên mobile hợp lệ | D13: 1. Đặt users.erased_at = now() (xóa trường định danh như SqlUsers.erase) 2. POST /auth/profile với phiên cũ 3. POST /auth/mobile/verify với mã OTP mới | E13: Phiên mobile còn hạn | F13: Cả hai request trả 401 ngay ở request kế tiếp; không cấp session | G13: 401 và 401, không có session | H13: Pass | I13: AC4 · State Transition (đang có phiên → bị xóa) · Decision Table (R3) · test_erased_user_session_and_relogin_rejected__AC4 | K13: ngay_sinh | L13: Từ 1900-01-01 tới hôm nay theo giờ Asia/Ho_Chi_Minh | M13: 11 | N13: Sau hôm nay (giờ VN) Trước 1900-01-01 Ngày không tồn tại hoặc sai định dạng | O13: 29 30 31 | Q13: 422 (invalid_phone / invalid_email / login_identifier_required) | R13: X
A14: TC-LOGIN-06 | B14: Đăng nhập với nhiều cách viết của cùng một số điện thoại | C14: Số thử test_otp | D14: 1. POST /auth/mobile/verify lần lượt với từng dạng số, token 123456 2. So user_id các lần 3. Đếm users có phone_number = +84900000001 | E14: 0900000001 | +84900000001 | +84 900 000 001 | 0900-000-001 | " 0900000001 " | F14: Mọi lần 200 với cùng một user_id; đúng 1 dòng users, phone_number = +84900000001 | G14: 5/5 lần 200, cùng user_id; 1 dòng users | H14: Pass | I14: AC5 · EP (1,2,3) · test_phone_formats_same_user__AC5 | K14: gioi_tinh | L14: nam / nu / khac (không phân biệt hoa thường) | M14: 12 | N14: Giá trị khác, rỗng, chuỗi injection | O14: 32 | Q14: 401 Invalid credentials / không cấp phiên | S14: X | T14: X
A15: TC-LOGIN-07 | B15: Gửi số điện thoại sai định dạng tới OTP và verify | C15: Không | D15: 1. POST /auth/mobile/otp {phone} 2. POST /auth/mobile/verify {phone, token: 123456} 3. Đếm auth.users trước/sau | E15: 84900000001 | (+84)900000001 | 09abc12345 | +84 900\u00a0000 001 | + | 0 | F15: 422 {"detail":"invalid_phone"} ở cả hai endpoint; không tạo user trên Supabase | G15: 422 invalid_phone ở cả 12 request; auth.users không đổi | H15: Pass | I15: AC6 · EP (13,14,16) · test_invalid_phone_rejected_before_provider__AC6 | Q15: 403 admin_must_use_web | U15: X
A16: TC-LOGIN-08 | B16: Gửi số điện thoại có ký tự xuống dòng ở cuối | C16: Số thử test_otp | D16: 1. POST /auth/mobile/otp {phone: "0900000001\n"} 2. POST /auth/mobile/verify {phone: "0900000001\n", token: 123456} | E16: phone: 0900000001 + ký tự \n | F16: 422 {"detail":"invalid_phone"} (theo AC6 của 01-requirement) | G16: OTP 204, verify 200 và cấp phiên (backend bỏ ký tự trắng hai đầu) | H16: Fail | I16: AC6 · Error Guessing · test_invalid_phone_rejected_before_provider__AC6[0900000001\n-*] | Q16: 200, phiên mobile 10 ngày, profile_complete=false | V16: X
A17: TC-LOGIN-09 | B17: Gửi số điện thoại ngay ngoài giới hạn độ dài | C17: Không | D17: 1. POST /auth/mobile/otp và /auth/mobile/verify với từng số | E17: +8490000 (8 ký tự) | +8490000000000000 (17 ký tự) | F17: 422 {"detail":"invalid_phone"} | G17: 422 invalid_phone | H17: Pass | I17: AC6 · BVA (min-1, max+1) · EP (17) · test_invalid_phone_rejected_before_provider__AC6 | Q17: 200, phiên mobile 10 ngày, profile_complete=true | W17: X
A18: TC-LOGIN-10 | B18: Gửi số điện thoại đúng giới hạn độ dài | C18: Không | D18: 1. POST /auth/mobile/otp {phone} 2. POST /auth/mobile/verify {phone, token: 123456} | E18: +84900000 (9 ký tự) | +849000000000000 (16 ký tự) | F18: Không bị backend trả invalid_phone; không 5xx ngoài 503; không lộ nội dung Supabase | G18: Không có invalid_phone; mã trạng thái < 500 hoặc 503; không lộ nội dung | H18: Pass | I18: AC6 · BVA (min, max) · EP (2) · test_phone_length_boundaries_accepted_by_backend__AC6
A19: TC-LOGIN-11 | B19: Gửi số điện thoại viết bằng chữ số Unicode | C19: Không | D19: 1. POST /auth/mobile/otp {phone} 2. POST /auth/mobile/verify {phone, token: 123456} | E19: +８４９０００００００１ (full-width) | +٨٤٩٠٠٠٠٠٠٠١ (chữ số Ả Rập) | F19: 422 {"detail":"invalid_phone"}, không gọi Supabase | G19: OTP 503 {"detail":"auth_provider_unavailable"}, verify 401 {"detail":"Invalid credentials"} — request đã tới Supabase | H19: Fail | I19: AC7 · EP (15) · test_unicode_digit_phone_rejected__AC7
A20: TC-LOGIN-12 | B20: Đăng nhập email với chữ hoa và khoảng trắng hai đầu | C20: Tài khoản email chữ thường user.test+<tag>@example.com | D20: 1. POST /auth/mobile/verify {email: "User.Test+<tag>@Example.COM", token} 2. POST /auth/mobile/verify {email: " user.test+<tag>@example.com ", token mới} 3. Đọc users.email | E20: Hai cách viết của cùng email | F20: Cả hai 200, cùng user_id; users.email lưu chữ thường | G20: 200, 200, cùng user_id; email chữ thường | H20: Pass | I20: AC8 · EP (4,5) · test_email_case_and_spaces_same_user__AC8
A21: TC-LOGIN-13 | B21: Gửi email sai định dạng tới OTP và verify | C21: Không | D21: 1. POST /auth/mobile/otp {email} 2. POST /auth/mobile/verify {email, token: 123456} | E21: abc | a@b | a@@b.com | a b@c.com | @example.com | a@example. | F21: 422 {"detail":"invalid_email"} | G21: 422 invalid_email ở cả 12 request | H21: Pass | I21: AC8 · EP (19) · test_invalid_email_rejected__AC8
A22: TC-LOGIN-14 | B22: Gửi email rỗng hoặc chỉ khoảng trắng, không có số điện thoại | C22: Không | D22: 1. POST /auth/mobile/otp {email} 2. POST /auth/mobile/verify {email, token: 123456} | E22: (blank) | " " | F22: 422 {"detail":"login_identifier_required"} | G22: 422 login_identifier_required | H22: Pass | I22: AC8 · EP (20) · Decision Table (R1) · test_invalid_email_rejected__AC8
A23: TC-LOGIN-15 | B23: Gửi email rất dài và email có dấu tiếng Việt | C23: Không | D23: 1. POST /auth/mobile/otp {email} | E23: a*300@example.com (312 ký tự) | nguyễn@example.com | F23: Không 5xx ngoài 503; không lộ nội dung Supabase | G23: Mã < 500 hoặc 503; không lộ nội dung | H23: Pass | I23: AC8 · Error Guessing · test_long_and_unicode_email_no_5xx__AC8
A24: TC-LOGIN-16 | B24: Xác thực với mã OTP rỗng | C24: Tài khoản email mới | D24: 1. POST /auth/mobile/verify {email, token: ""} | E24: token: (blank) | F24: 422 | G24: 422 | H24: Pass | I24: AC9 · EP (22) · test_empty_token_422__AC9
A25: TC-LOGIN-17 | B25: Xác thực với mã OTP chỉ có khoảng trắng | C25: Tài khoản email mới, chưa có dòng users | D25: 1. POST /auth/mobile/verify {email, token: " "} 2. Đếm users theo email | E25: token: " " | F25: 401; không tạo dòng users | G25: 401; 0 dòng users | H25: Pass | I25: AC9 · EP (23) · test_blank_token_401_no_user__AC9
A26: TC-LOGIN-18 | B26: Xác thực với mã OTP sai độ dài, có chữ hoặc rất dài | C26: Tài khoản email mới, chưa có dòng users | D26: 1. POST /auth/mobile/verify {email, token} cho từng giá trị | E26: 12345 | 1234567 | abcdef | "1"*1000 | F26: 401 hoặc 422; không 5xx; không lộ nội dung; không tạo dòng users | G26: 401/422; không 5xx; 0 dòng users | H26: Pass | I26: AC9 · BVA (min-1, max+1) · EP (24) · test_malformed_tokens_no_5xx__AC9
A27: TC-LOGIN-19 | B27: Gửi trường sai kiểu JSON | C27: Phiên mobile hợp lệ cho /auth/profile | D27: 1. POST /auth/mobile/otp với phone/email là số, mảng, object, true 2. POST /auth/mobile/verify với token sai kiểu 3. POST /auth/profile với ho_ten/gioi_tinh sai kiểu | E27: 900000001 | ["0900000001"] | {"v": "0900000001"} | true | F27: 4xx (422); không 5xx; không lộ chi tiết nội bộ | G27: 422 ở cả 20 request | H27: Pass | I27: AC10 · EP (18) · test_wrong_json_types_no_5xx__AC10
A28: TC-LOGIN-20 | B28: Gửi body hỏng, rỗng hoặc sai Content-Type | C28: Phiên mobile hợp lệ cho /auth/profile | D28: 1. POST tới /auth/mobile/otp, /auth/mobile/verify, /auth/profile với từng loại body | E28: "{not json" | (blank) | text/plain "phone=0900000001" | F28: 4xx; không 5xx | G28: 422 ở cả 9 request | H28: Pass | I28: AC10 · Error Guessing · test_malformed_body_no_5xx__AC10
A29: TC-LOGIN-21 | B29: Gửi field thừa để leo quyền hoặc ghi vào user khác | C29: Tài khoản email mới; một user khác B chưa có hồ sơ | D29: 1. POST /auth/mobile/verify {email, token, system_role: "admin", user_id: <B>} 2. POST /auth/profile (phiên vừa cấp) {hồ sơ hợp lệ, user_id: <B>, system_role: "admin"} 3. Đọc users của mình và của B | E29: system_role: admin; user_id: id của B | F29: Verify 200 với user_id của chính mình; profile 204; system_role vẫn 'user'; hồ sơ chỉ ghi vào mình, B không đổi | G29: Đúng như mong đợi | H29: Pass | I29: AC10 · Error Guessing (leo quyền) · test_extra_fields_have_no_effect__AC10
... A54: TC-LOGIN-46 | B54: Chạy script E2E khi thiếu điều kiện môi trường | C54: Không có Supabase local hoặc không có emulator | D54: 1. backend/.venv/Scripts/python.exe tests/e2e/mobile_login/run_e2e.py | E54: Không | F54: Thoát mã 2 với "LỖI MÔI TRƯỜNG: …"; không chạy flutter, không báo pass; output không chứa key/token/mật khẩu | G54: Đúng như mong đợi (unit test test_run_e2e.py, 16 pass) | H54: Pass | I54: AC21 · test_main_exits_2_when_environment_missing, test_pick_device_*, test_require_local_*, test_redact_* · evidence/test-tests-unit.log
A55: TC-LOGIN-47 | B55: Gõ lại mã OTP bằng bàn phím thật sau khi nhập sai | C55: Điện thoại hoặc emulator, app nối backend có Supabase; đang ở màn OTP sau khi nhập mã sai | D55: 1. Chạm vào ô mã 2. Xóa mã cũ bằng phím xóa 3. Gõ mã đúng bằng bàn phím | E55: Mã đúng của số đang dùng | F55: Mã mới hiện trong ô và app vào Trang chủ | H55: Pending | I55: AC19 · manual · integration_test không gõ lại được vào ô sau khi app bỏ focus nên E2E đặt mã qua controller
A56: TC-LOGIN-48 | B56: Tắt hẳn app (force stop) rồi mở lại khi còn phiên | C56: Đã đăng nhập trên thiết bị | D56: 1. Cài đặt → Ứng dụng → DrugTime → Buộc dừng 2. Mở lại app từ màn hình chính | E56: Không | F56: Vào thẳng Trang chủ, không hỏi OTP | H56: Pending | I56: AC17 · manual · integration_test chỉ dựng lại app trong cùng tiến trình
G59: Pass | H59: =COUNTIF(H9:H56,"Pass")
G60: Fail | H60: =COUNTIF(H9:H56,"Fail")
G61: Pending | H61: =COUNTIF(H9:H56,"Pending")
G62: Total | H62: =SUM(H59:H61)

Sheet Lịch uống thuốc
A1: Project Name | B1: DrugTime
A2: Module Name | B2: Quản lý lịch uống thuốc (SCHED)
A3: Created By | B3: zannguyen
A4: Creation Date | B4: 46304
A5: Reviewed By
A6: Reviewed Date
K7: Equivalence Partitioning | Q7: Kết quả thao tác ghi lịch theo trạng thái thuốc
A8: Test Case ID | B8: Description | C8: Precondition | D8: Test Steps | E8: Test Data | F8: Expected Result | G8: Actual Result | H8: Status | I8: Comments(if any) | K8: Field | L8: Valid | M8: Num | N8: Invalid | O8: Num | Q8: Rule | R8: R1 | S8: R2 | T8: R3 | U8: R4 | V8: R5
A9: TC-SCHED-01 | B9: Thêm giờ uống 12:00 cho thuốc theo giờ | C9: Người bệnh P có consent health_data; thuốc X có lịch 08:00, 20:00 cả tuần | D9: 1. POST /medications/{X}/schedules với body 2. Đọc lịch của X trong DB | E9: {"intake_time": "12:00"} | F9: 201; schedules 08:00, 12:00, 20:00; lịch mới cả tuần, reminder_enabled true, effective_from = thời điểm request; doses_per_day = 3; 08:00, 20:00 giữ id | G9: 201, đúng như kỳ vọng | H9: Pass | I9: AC1 · EP (1) · Decision Table (R5) · test_add_schedule__AC1[None] | K9: intake_time | L9: HH:MM 24 giờ, chưa có lịch mở cùng giờ | M9: 1 | N9: Thiếu Sai định dạng (8:00, 7h, 24:00, 12:60) Trùng giờ một lịch đang mở khác | O9: 7 8 9 | Q9: Thuốc đã ngừng? | R9: Yes | S9: No | T9: No | U9: No | V9: No
A10: TC-SCHED-02 | B10: Thêm giờ uống tắt nhắc | C10: Như TC-SCHED-01 | D10: 1. POST /medications/{X}/schedules với body | E10: {"intake_time": "12:00", "reminder_enabled": false} | F10: 201; lịch 12:00 có reminder_enabled false | G10: 201, reminder_enabled false | H10: Pass | I10: AC1 · EP (2) · test_add_schedule__AC1[False] | K10: reminder_enabled | L10: true false Không gửi (mặc định true khi thêm) | M10: 2 3 4 | N10: Chuỗi "false" null hoặc số 0 | O10: 10 11 | Q10: Thuốc as_needed? | R10: - | S10: Yes | T10: No | U10: No | V10: No
A11: TC-SCHED-03 | B11: Thêm giờ trùng một lịch đang mở | C11: Như TC-SCHED-01 | D11: 1. POST /medications/{X}/schedules với body 2. So dữ liệu thuốc, lịch trước và sau | E11: {"intake_time": "08:00"} | F11: 422 {"detail": "schedule_time_conflict"}; không ghi gì | G11: 422 schedule_time_conflict; DB không đổi | H11: Pass | I11: AC2 · EP (5) · Decision Table (R3) · test_add_schedule_rejected_writes_nothing__AC2 | K11: days_of_week (PATCH /medications/{id}) | L11: 1–7 phần tử, giá trị 1..7, không trùng | M11: 5 | N11: Mảng rỗng Giá trị ngoài 1..7 Phần tử trùng Gửi cho thuốc as_needed | O11: 12 13 14 15 | Q11: Trùng giờ lịch mở? | R11: - | S11: - | T11: Yes | U11: No | V11: No
A12: TC-SCHED-04 | B12: Thêm giờ với body sai cấu trúc | C12: Như TC-SCHED-01 | D12: 1. Gửi lần lượt từng body tới POST /medications/{X}/schedules | E12: {} ; {"intake_time": "24:00"} ; {"intake_time": "08:00", "days_of_week": [1]} ; {"intake_time": "09:00", "foo": 1} | F12: 422, detail là mảng lỗi theo field; không ghi gì | G12: 422 mảng lỗi cho cả 4 body; DB không đổi | H12: Pass | I12: AC2 · EP (3,4) · test_add_schedule_rejected_writes_nothing__AC2 | K12: schedule_id | L12: Lịch đang mở của đúng thuốc | M12: 6 | N12: Lịch đã đóng Lịch của thuốc khác Id không tồn tại | O12: 16 17 18 | Q12: Đã có 6 lịch mở? | R12: - | S12: - | T12: - | U12: Yes | V12: No
A13: TC-SCHED-BVA-01 | B13: Thêm giờ ở biên dưới và trên của ngày | C13: Thuốc có lịch 12:00 | D13: 1. POST /medications/{X}/schedules với 00:00 2. Lặp lại với thuốc khác và 23:59 | E13: 00:00 ; 23:59 | F13: 201 cả hai | G13: 201 cả hai (evidence/testcase-bva-manual.log) | H13: Pass | I13: AC1 · BVA (min, max) · manual (scratch/bva_check.py) | Q13: Action | R13: R1 | S13: R2 | T13: R3 | U13: R4 | V13: R5
A14: TC-SCHED-BVA-02 | B14: Thêm giờ ở biên trên + 1 | C14: Như TC-SCHED-01 | D14: 1. POST /medications/{X}/schedules | E14: {"intake_time": "24:00"} | F14: 422 mảng lỗi | G14: 422 mảng lỗi | H14: Pass | I14: AC2 · BVA (max+1) · test_add_schedule_rejected_writes_nothing__AC2; test_schedule_structural_errors_422_array | Q14: 422 medication_stopped | R14: X
A15: TC-SCHED-BVA-03 | B15: Thêm lịch thứ 6 (biên trên số lịch) | C15: Thuốc có 5 lịch mở | D15: 1. POST /medications/{X}/schedules 16:00 | E15: {"intake_time": "16:00"} | F15: 201; doses_per_day = 6 | G15: 201; doses_per_day 6 (evidence/testcase-bva-manual.log) | H15: Pass | I15: AC2 · BVA (max) · manual (scratch/bva_check.py) | Q15: 422 medication_rule_violation | S15: X
A16: TC-SCHED-BVA-04 | B16: Thêm lịch thứ 7 (biên trên + 1) | C16: Thuốc có 6 lịch mở | D16: 1. POST /medications/{X}/schedules 18:00 | E16: {"intake_time": "18:00"} | F16: 422 {"detail": "schedule_limit_reached"}; không ghi gì | G16: 422 schedule_limit_reached; lịch không đổi | H16: Pass | I16: AC2 · BVA (max+1) · Decision Table (R4) · test_add_schedule_limit_reached__AC2 | Q16: 422 schedule_time_conflict | T16: X
A17: TC-SCHED-05 | B17: Thêm giờ cho thuốc dùng khi cần | C17: Thuốc W as_needed | D17: 1. POST /medications/{W}/schedules | E17: {"intake_time": "08:00"} | F17: 422 {"detail": "medication_rule_violation"}; không có lịch | G17: 422 medication_rule_violation | H17: Pass | I17: AC2 · Decision Table (R2) · test_add_schedule_as_needed_422__AC2 | Q17: 422 schedule_limit_reached | U17: X
A18: TC-SCHED-06 | B18: Ghi lịch của thuốc đã ngừng | C18: Thuốc X đã ngừng (PATCH stopped true) | D18: 1. POST /medications/{X}/schedules 2. PATCH /medications/{X}/schedules/{S1} 3. DELETE /medications/{X}/schedules/{S1} | E18: 12:00 ; {"intake_time": "07:00"} ; (blank) | F18: Cả ba 422 {"detail": "medication_stopped"}; không ghi gì | G18: 422 medication_stopped cả ba; DB không đổi | H18: Pass | I18: AC8 · Decision Table (R1) · test_stopped_medication_schedule_writes_422__AC8 | Q18: 201, thêm lịch | V18: X
A19: TC-SCHED-07 | B19: Đổi giờ một lịch, lịch cũ đóng chứ không xoá | C19: X có S1 08:00, S2 20:00; một liều quá khứ trỏ S1 | D19: 1. PATCH /medications/{X}/schedules/{S1} 2. Đọc lịch và dose_logs trong DB | E19: {"intake_time": "07:00"} | F19: 200; S1 có ended_at, vẫn còn dòng; lịch 07:00 id mới, effective_from = ended_at(S1), giữ ngày và nhắc; S2 không đổi; doses_per_day 2; liều cũ vẫn trỏ S1 | G19: 200, đúng như kỳ vọng | H19: Pass | I19: AC3 · test_edit_time_versions_schedule_and_keeps_dose_logs__AC3
A20: TC-SCHED-08 | B20: Tắt rồi bật nhắc một giờ | C20: Như TC-SCHED-07 | D20: 1. PATCH S1 reminder_enabled false 2. PATCH lịch mới reminder_enabled true | E20: {"reminder_enabled": false} ; {"reminder_enabled": true} | F20: Mỗi lần 200, đóng lịch cũ và tạo lịch 08:00 id mới với trạng thái nhắc mới; luôn còn 2 lịch mở | G20: 200 cả hai; 2 lịch mở, 4 dòng lịch | H20: Pass | I20: AC4 · EP (1,2) · test_toggle_reminder_versions_schedule__AC4
A21: TC-SCHED-09 | B21: Sửa lịch với giá trị giống hiện tại | C21: S2 20:00 nhắc bật | D21: 1. PATCH /medications/{X}/schedules/{S2} với từng body | E21: {"reminder_enabled": true} ; {"intake_time": "20:00"} ; cả hai | F21: 200; S2 giữ id; DB không đổi | G21: 200; DB không đổi | H21: Pass | I21: AC4 · test_edit_same_values_noop__AC4
A22: TC-SCHED-10 | B22: Sửa lịch sang giờ trùng lịch khác hoặc body sai | C22: Như TC-SCHED-07 | D22: 1. PATCH /medications/{X}/schedules/{S1} với từng body | E22: {"intake_time": "20:00"} ; {} ; {"intake_time": "7h"} ; {"reminder_enabled": false, "x": 1} | F22: 422 (schedule_time_conflict cho body đầu, mảng lỗi cho phần còn lại); không ghi gì | G22: Đúng như kỳ vọng | H22: Pass | I22: AC5 · EP (5,3) · test_edit_invalid_writes_nothing__AC5
A23: TC-SCHED-11 | B23: Sửa hoặc hủy lịch đã đóng, lịch thuốc khác, id không tồn tại | C23: S1 đã bị thay (sau TC-SCHED-07); P có thuốc khác Y | D23: 1. PATCH và DELETE /medications/{X}/schedules/{id} với từng id | E23: S1 (đã đóng) ; lịch của Y ; 4611686018427387904 | F23: 404 {"detail": "medication_schedule_not_found"}; không lịch nào đổi | G23: 404 cả 6 lần; DB không đổi | H23: Pass | I23: AC6 · EP (schedule_id: không hợp lệ) · test_closed_or_foreign_schedule_404_changes_nothing__AC6
A24: TC-SCHED-12 | B24: Hủy một giờ uống | C24: X có S1, S2 | D24: 1. DELETE /medications/{X}/schedules/{S2} 2. GET /medications/{X} | E24: (blank) | F24: 200; schedules chỉ còn S1; S2 có ended_at; doses_per_day 1; liều không đổi | G24: 200, đúng như kỳ vọng | H24: Pass | I24: AC7 · test_remove_schedule__AC7
A25: TC-SCHED-13 | B25: Hủy lịch mở cuối cùng | C25: X chỉ còn S1 | D25: 1. DELETE /medications/{X}/schedules/{S1} | E25: (blank) | F25: 422 {"detail": "last_schedule_not_removable"}; lịch vẫn mở | G25: 422 last_schedule_not_removable | H25: Pass | I25: AC8 · test_remove_last_schedule_422__AC8
A26: TC-SCHED-14 | B26: Đổi ngày uống trong tuần | C26: X có S1 08:00 nhắc bật, S2 20:00 nhắc tắt | D26: 1. PATCH /medications/{X} 2. Gửi lại cùng ngày 3. PATCH kèm intake_times | E26: {"days_of_week": [5,1,3]} ; [1,3,5] ; {"intake_times": ["09:00"], "days_of_week": [6,7]} | F26: Lần 1: 200, lịch mới 08:00 và 20:00 ngày [1,3,5], giữ nhắc, cùng effective_from = ended_at lịch cũ; lần 2: không đổi lịch; lần 3: lịch 09:00 ngày [6,7] | G26: Đúng như kỳ vọng | H26: Pass | I26: AC9 · EP (days: hợp lệ) · test_patch_days_of_week__AC9
A27: TC-SCHED-15 | B27: Đổi ngày uống với giá trị sai | C27: Như TC-SCHED-14 | D27: 1. PATCH /medications/{X} với từng body | E27: [] ; [8] ; [1,1] ; chuyển sang as_needed kèm days_of_week [1] | F27: 422 (mảng lỗi, hoặc medication_rule_violation cho body cuối); không ghi gì | G27: Đúng như kỳ vọng | H27: Pass | I27: AC9 · EP (days: không hợp lệ) · test_patch_days_invalid_writes_nothing__AC9; test_patch_days_on_as_needed_422__AC9
A28: TC-SCHED-BVA-05 | B28: Đổi ngày uống ở biên 1, 7 và 0, 8 | C28: Thuốc có lịch 08:00 | D28: 1. PATCH /medications/{X} với từng giá trị | E28: [1] ; [7] ; [0] ; [8] | F28: [1], [7]: 200; [0], [8]: 422 | G28: 200, 200, 422, 422 (evidence/testcase-bva-manual.log) | H28: Pass | I28: AC9 · BVA (min, max, min-1, max+1) · manual (scratch/bva_check.py)
A29: TC-SCHED-16 | B29: Đổi giờ qua PATCH /medications giữ trạng thái nhắc | C29: S2 20:00 đang tắt nhắc | D29: 1. PATCH /medications/{X} | E29: {"intake_times": ["08:00","20:00","22:00"]} | F29: 08:00 bật, 20:00 tắt, 22:00 bật | G29: Đúng như kỳ vọng | H29: Pass | I29: AC10 · test_patch_times_keeps_reminder__AC10
A30: TC-SCHED-17 | B30: Hai request thêm cùng giờ gửi đồng thời | C30: Như TC-SCHED-01 | D30: 1. Gửi song song hai POST /medications/{X}/schedules 12:00 | E30: {"intake_time": "12:00"} ×2 | F30: Một 201, một 422; đúng một lịch 12:00 mở; doses_per_day = số lịch mở | G30: [201, 422]; một lịch 12:00 (5/5 lần lặp) | H30: Pass | I30: AC11 · đoán lỗi (gửi trùng) · test_two_adds_same_time_one_wins__AC11
... A48: TC-SCHED-35 | B48: Giữ bất biến lịch trên chuỗi thao tác ngẫu nhiên có seed cố định | C48: Mỗi chuỗi: một thuốc theo giờ mới tạo (08:00, 20:00) | D48: 1. Chạy 10 bước ngẫu nhiên theo seed: thêm/sửa/xóa từng lịch, bật/tắt nhắc, đổi giờ, đổi ngày, ngừng, dùng lại, chuyển chế độ, ghi liều xác nhận sớm 2. Sau mỗi bước kiểm bất biến I1–I5 | E48: Seed 0–49 và 96, 97, 178, 198 (gồm 5 seed đã tìm ra R3: 43, 96, 97, 178, 198) | F48: I1 không giờ dự kiến thuộc hai lịch; I2 liều trong khoảng của lịch nó trỏ tới; I3 thuốc khi cần/đã ngừng không có lịch mở; I4 doses_per_day = số lịch mở, giờ không trùng; I5 không 5xx | G48: 54/54 chuỗi giữ bất biến (bản 200 seed ở implement: 200/200; trước khi sửa R3: 195/200) | H48: Pass | I48: AC30 · Chuyển trạng thái (ngẫu nhiên) · test_random_sequences_keep_invariants__AC30
G51: Pass | H51: =COUNTIF(H9:H48,"Pass")
G52: Fail | H52: =COUNTIF(H9:H48,"Fail")
G53: Pending | H53: =COUNTIF(H9:H48,"Pending")
G54: Total | H54: =SUM(H51:H53)

Sheet Tải lịch uống
A1: Project Name | B1: DrugTime
A2: Module Name | B2: Tải lịch uống và phân quyền dữ liệu thuốc (SCHEDSYNC)
A3: Created By | B3: zannguyen
A4: Creation Date | B4: 46304
A5: Reviewed By
A6: Reviewed Date
K7: Equivalence Partitioning | Q7: Quyền đọc GET /patients/{patient_id}/schedules
A8: Test Case ID | B8: Description | C8: Precondition | D8: Test Steps | E8: Test Data | F8: Expected Result | G8: Actual Result | H8: Status | I8: Comments(if any) | K8: Field | L8: Valid | M8: Num | N8: Invalid | O8: Num | Q8: Rule | R8: R1 | S8: R2 | T8: R3 | U8: R4 | V8: R5 | W8: R6
A9: TC-SCHEDSYNC-01 | B9: Người bệnh tải lịch của chính mình | C9: P có X (S1, S2 mở; S0 đóng 10 ngày trước; S9 đóng 40 ngày trước), Y đã ngừng, Z đã xoá, W khi cần; người khác có thuốc | D9: 1. GET /patients/{P}/schedules | E9: (không query) | F9: 200; items gồm S1, S2, S0, lịch của Y, sắp theo id; không có S9, Z, W, người khác; mỗi phần tử đủ 11 field, ended_at null khi mở; next_cursor null; không ghi access_logs | G9: Đúng như kỳ vọng | H9: Pass | I9: AC12 · Decision Table (R1) · test_patient_reads_own_schedules__AC12 | K9: limit | L9: 1..200 Không gửi (mặc định 100) | M9: 1 2 | N9: 0 201 Không phải số | O9: 5 6 7 | Q9: Người gọi là chính người bệnh? | R9: Yes | S9: Yes | T9: No | U9: No | V9: No | W9: No
A10: TC-SCHEDSYNC-02 | B10: Người bệnh chưa có lịch nào | C10: P không có thuốc | D10: 1. GET /patients/{P}/schedules | E10: (blank) | F10: 200 {"items": [], "next_cursor": null} | G10: Đúng như kỳ vọng | H10: Pass | I10: AC12 · test_patient_without_schedules_gets_empty_page__AC12 | K10: cursor | L10: next_cursor của trang trước, cùng người bệnh | M10: 3 | N10: Chuỗi rác Base64 không phải JSON hợp lệ Con trỏ của người bệnh khác Chuỗi rỗng | O10: 8 9 10 11 | Q10: Consent health_data còn hiệu lực? | R10: Yes | S10: No | T10: Yes | U10: Yes | V10: No | W10: Yes
A11: TC-SCHEDSYNC-03 | B11: Tải theo trang với limit 2 | C11: P có 5 lịch | D11: 1. GET limit=2 2. Gửi next_cursor cho tới khi null | E11: limit=2 | F11: 3 trang (2, 2, 1); hợp các trang bằng kết quả không phân trang | G11: 3 trang, đúng thứ tự | H11: Pass | I11: AC23 · EP (limit: hợp lệ; cursor: hợp lệ) · test_pagination__AC23 | K11: patient_id | L11: UUID của tài khoản tồn tại | M11: 4 | N11: Không phải UUID UUID không có tài khoản | O11: 12 13 | Q11: Liên kết active + bật chia sẻ + consent family_sharing? | R11: - | S11: - | T11: Yes | U11: No | V11: Yes | W11: No
A12: TC-SCHEDSYNC-BVA-01 | B12: limit ở biên 1 và 200 | C12: P có 2 lịch | D12: 1. GET limit=1 2. GET limit=200 | E12: 1 ; 200 | F12: 200; limit 1 trả 1 lịch và có next_cursor; limit 200 trả 2 lịch, next_cursor null | G12: Đúng như kỳ vọng (evidence/testcase-bva-manual.log) | H12: Pass | I12: AC23 · BVA (min, max) · manual (scratch/bva_check.py) | Q12: Người gọi là admin? | R12: - | S12: - | T12: - | U12: No | V12: - | W12: Yes
A13: TC-SCHEDSYNC-BVA-02 | B13: limit ở biên 0 và 201 | C13: P bất kỳ | D13: 1. GET limit=0 2. GET limit=201 | E13: 0 ; 201 | F13: 422 mảng lỗi | G13: 422 cả hai | H13: Pass | I13: AC23 · BVA (min-1, max+1) · test_limit_out_of_range_422__AC23 | Q13: Action | R13: R1 | S13: R2 | T13: R3 | U13: R4 | V13: R5 | W13: R6
A14: TC-SCHEDSYNC-04 | B14: Con trỏ hỏng hoặc của người bệnh khác | C14: P bất kỳ | D14: 1. GET với từng cursor | E14: !!! ; abc ; eyJhIjoxfQ ; con trỏ mã hoá cho UUID khác | F14: 422 {"detail": "invalid_cursor"} | G14: 422 invalid_cursor cả 4 | H14: Pass | I14: AC23 · EP (cursor: không hợp lệ) · test_bad_cursor_422__AC23; test_cursor_of_other_patient_422__AC23 | Q14: 200, không ghi log | R14: X
A15: TC-SCHEDSYNC-05 | B15: Người thân hợp lệ tải lịch qua nhiều trang | C15: F có liên kết active, bật chia sẻ; P có consent health_data, family_sharing | D15: 1. F GET limit=2 tới trang cuối | E15: limit=2 | F15: 200 mọi trang; mỗi trang một dòng access_logs allowed, actor_role family | G15: Đúng như kỳ vọng | H15: Pass | I15: AC13 · Decision Table (R3) · test_family_allowed_logged_each_page__AC13 | Q15: 403 consent_revoked | S15: X
A16: TC-SCHEDSYNC-06 | B16: Admin tải lịch của người bệnh (QD-32) | C16: Admin không có liên kết với P | D16: 1. Admin GET /patients/{P}/schedules | E16: (blank) | F16: 403 {"detail": "khong_co_quyen"}; access_logs denied, actor_role admin | G16: Đúng như kỳ vọng | H16: Pass | I16: AC13 · AC22 · Decision Table (R6) · test_admin_denied_logged__AC13 | Q16: 200 + access_logs allowed (family) | T16: X
A17: TC-SCHEDSYNC-07 | B17: Người lạ tải lịch của người bệnh | C17: Q không có liên kết với P | D17: 1. Q GET /patients/{P}/schedules | E17: (blank) | F17: 403 khong_co_quyen; không lộ items; access_logs denied (actor Q, patient P, scope danh_sach_thuoc) | G17: Đúng như kỳ vọng | H17: Pass | I17: AC13 · Decision Table (R4) · kịch bản 'truy cập chéo khi không có liên kết' · test_unlinked_user_denied_logged__AC13 | Q17: 403 khong_co_quyen + access_logs denied | U17: X | V17: X | W17: X
A18: TC-SCHEDSYNC-08 | B18: Người thân thiếu consent hoặc bị tắt chia sẻ | C18: Liên kết có một trong: tắt chia sẻ, thiếu family_sharing, thiếu health_data | D18: 1. F GET /patients/{P}/schedules | E18: 3 trường hợp | F18: 403; một dòng denied khong_co_quyen | G18: Đúng như kỳ vọng cả 3 | H18: Pass | I18: AC13 · Decision Table (R4, R5) · test_family_missing_consent_or_sharing_off_denied
A19: TC-SCHEDSYNC-09 | B19: Người thân đổi patient_id sang người bệnh khác | C19: F liên kết với P, không liên kết với R | D19: 1. F GET /patients/{R}/schedules | E19: patient_id = R | F19: 403; dòng denied ghi cho R; không có log cho P | G19: Đúng như kỳ vọng | H19: Pass | I19: Cross-patient · test_family_swaps_patient_id_denied
A20: TC-SCHEDSYNC-10 | B20: Rút quyền giữa hai trang | C20: F đã tải trang 1 | D20: 1. Rút health_data / family_sharing / tắt chia sẻ / hủy liên kết 2. F gửi trang 2 với next_cursor | E20: 4 trường hợp | F20: Trang 2 trả 403; nhật ký: allowed rồi denied | G20: Đúng như kỳ vọng cả 4 | H20: Pass | I20: AC14 · kịch bản 'rút consent hoặc hủy liên kết → 403 ngay' · test_revoke_between_pages_403__AC14
A21: TC-SCHEDSYNC-11 | B21: Ghi access log thất bại khi người thân đọc | C21: Giả lập lỗi ghi access_logs allowed | D21: 1. F GET /patients/{P}/schedules | E21: append_allowed ném lỗi | F21: 500; response không chứa dữ liệu lịch | G21: 500, không có dữ liệu | H21: Pass | I21: Fail-closed · test_allowed_log_failure_fails_request
A22: TC-SCHEDSYNC-12 | B22: Người thân, admin, người lạ gọi endpoint ghi lịch | C22: X của P | D22: 1. POST schedules 2. PATCH schedule 3. DELETE schedule 4. PATCH /medications/{X} days_of_week | E22: 3 vai × 4 endpoint | F22: 403 khong_co_quyen cả 4; 4 dòng denied với vai thực tế; X không đổi | G22: Đúng như kỳ vọng | H22: Pass | I22: AC15 · test_write_endpoints_denied_for_family_admin_stranger__AC15
A23: TC-SCHEDSYNC-13 | B23: Người bệnh đã rút consent health_data ghi hoặc đọc lịch | C23: P rút health_data | D23: 1. Gọi 4 endpoint ghi 2. GET /patients/{P}/schedules | E23: (blank) | F23: 403 {"detail": "consent_revoked"}; không ghi gì | G23: Đúng như kỳ vọng | H23: Pass | I23: AC15 · Decision Table (R2) · test_self_revoked_consent_cannot_write__AC15
A24: TC-SCHEDSYNC-14 | B24: patient_id không ứng với tài khoản nào | C24: Người dùng thường hoặc admin | D24: 1. GET /patients/{UUID ngẫu nhiên}/schedules | E24: uuid4 chưa có | F24: 403 khong_co_quyen; không có dòng access_logs; không 5xx | G24: Đúng như kỳ vọng cả hai vai | H24: Pass | I24: AC16 · EP (patient_id: UUID không có tài khoản) · test_unknown_patient_403_without_log__AC16
A25: TC-SCHEDSYNC-15 | B25: Gọi không có token hoặc token sai; thuốc đã xoá | C25: X của P | D25: 1. Gọi 4 endpoint không có header và với 'Bearer x' 2. Xoá X rồi gọi 3 endpoint ghi lịch | E25: (blank) ; Bearer x | F25: 401 khi thiếu hoặc sai token; 404 user_medication_not_found khi thuốc đã xoá | G25: Đúng như kỳ vọng | H25: Pass | I25: AC16 · test_unauthenticated_401_and_unknown_medication_404__AC16
A26: TC-SCHEDSYNC-16 | B26: patient_id sai định dạng | C26: Đã đăng nhập | D26: 1. GET /patients/abc/schedules | E26: abc | F26: 422 mảng lỗi | G26: 422 mảng lỗi | H26: Pass | I26: AC16 · EP (patient_id: không phải UUID) · tests/unit test_patient_id_must_be_uuid
A27: TC-SCHEDSYNC-17 | B27: Admin xem một thuốc của người bệnh (QD-32) | C27: X của P; admin không có liên kết | D27: 1. Admin GET /medications/{X} 2. Admin PATCH /medications/{X} | E27: {"quantity_per_dose": 3} | F27: 403 cả hai; 2 dòng denied actor_role admin | G27: Đúng như kỳ vọng | H27: Pass | I27: AC22 · test_admin_get_medication_403_denied__AC22; test_admin_cannot_read_or_write__AC15_QD32
A28: TC-SCHEDSYNC-18 | B28: Admin xác nhận liều hộ (QD-32) | C28: Lịch S1 của P; admin không có liên kết | D28: 1. Admin POST /doses/batch với một liều của S1 | E28: schedule_id = S1, scheduled_at = 5 phút trước | F28: 200; item result failed, http_status 403; không có dose_logs; access_logs denied admin, scope lich_su_tuan_thu | G28: Đúng như kỳ vọng | H28: Pass | I28: AC22 · test_admin_dose_batch_rejected__AC22
A29: TC-SCHEDSYNC-19 | B29: App người thân không lưu lịch xuống máy (QD-29) | C29: App mobile của người thân đã nối GET /patients/{id}/schedules | D29: 1. Người thân mở lịch của người bệnh 2. Tắt mạng, đóng và mở lại app 3. Kiểm tra CSDL cục bộ | E29: (blank) | F29: Không có lịch của người bệnh trong CSDL cục bộ; chỉ giữ trong phiên | H29: Pending | I29: QD-29 · manual · cần app mobile (chưa có task nối API)
G32: Pass | H32: =COUNTIF(H9:H29,"Pass")
G33: Fail | H33: =COUNTIF(H9:H29,"Fail")
G34: Pending | H34: =COUNTIF(H9:H29,"Pending")
G35: Total | H35: =SUM(H32:H34)

Sheet Tương tác thuốc-thuốc
A1: Project Name | B1: DrugTime
A2: Module Name | B2: Danh mục tương tác thuốc-thuốc (admin) (DDIRULE)
A3: Created By | B3: zannguyen
A4: Creation Date | B4: 46307
A5: Reviewed By
A6: Reviewed Date
K7: Equivalence Partitioning | Q7: Quyền gọi endpoint /admin/drug-interactions
A8: Test Case ID | B8: Description | C8: Precondition | D8: Test Steps | E8: Test Data | F8: Expected Result | G8: Actual Result | H8: Status | I8: Comments(if any) | K8: Field | L8: Valid | M8: Num | N8: Invalid | O8: Num | Q8: Rule | R8: R1 | S8: R2 | T8: R3
A9: TC-DDIRULE-01 | B9: Tạo quy tắc chống chỉ định giữa hai hoạt chất trong danh mục | C9: Đăng nhập admin (phiên admin_web); hoạt chất X, Y có trong danh mục | D9: 1. POST /admin/drug-interactions với A = X, B = Y, chong_chi_dinh, mức 4, tranh_phoi_hop, mô tả, nguồn 2. Kiểm dòng DB của phiên bản vừa tạo | E9: {ingredient_a_id: X, ingredient_b_id: Y, interaction_type: chong_chi_dinh, severity_level: 4, handling_type: tranh_phoi_hop} | F9: 201; version = 1, state = current; ingredient_a/ingredient_b có id và standard_name; verification_status = da_xac_minh; updated_by.id = admin. DB: ingredient_b_in_table_a = co, deleted_at rỗng, created_by = admin | G9: 201 và các giá trị đúng như mong đợi | H9: Pass | I9: AC1 · EP (1) · test_create_with_catalog_ingredient_b__AC1 | K9: Hoạt chất B | L9: ingredient_b_id có trong danh mục, khác A ingredient_b_external_name (chất ngoài danh mục) | M9: 1 2 | N9: gửi cả hai không gửi cả hai id không tồn tại B trùng A | O9: 9 10 11 12 | Q9: Có token hợp lệ? | R9: No | S9: Yes | T9: Yes
A10: TC-DDIRULE-02 | B10: Tạo quy tắc với hoạt chất B là chất ngoài danh mục | C10: Admin; hoạt chất X có trong danh mục | D10: 1. POST /admin/drug-interactions với ingredient_b_external_name = "Rượu", không gửi ingredient_b_id | E10: ingredient_b_external_name: Rượu | F10: 201; ingredient_b = null, ingredient_b_external_name = Rượu; DB: ingredient_b_id rỗng, ingredient_b_in_table_a = khong | G10: 201, DB đúng như mong đợi | H10: Pass | I10: AC2 · EP (2) · test_create_with_external_ingredient_b__AC2 | K10: severity_level | L10: 1–4 | M10: 3 | N10: < 1 > 4 chong_chi_dinh mà khác 4 | O10: 13 14 15 | Q10: system_role = admin? | R10: - | S10: No | T10: Yes
A11: TC-DDIRULE-03 | B11: Tạo, thay và giữ ngưỡng liều của quy tắc phụ thuộc liều | C11: Admin; hoạt chất X, Y | D11: 1. POST với 2 ngưỡng (A 0–100 mg/ngày mức 2; B ≥300 mg/ngày mức 4) 2. GET /admin/drug-interactions/{id} 3. PATCH gửi dose_thresholds 1 ngưỡng (A 50–60) 4. PATCH chỉ đổi description | E11: dose_thresholds như bước | F11: GET trả đủ 2 ngưỡng; sau PATCH thứ nhất chỉ còn ngưỡng 50–60; sau PATCH thứ hai ngưỡng giữ nguyên | G11: Đúng như mong đợi | H11: Pass | I11: AC3 · test_dose_thresholds_create_replace_keep__AC3 | K11: min_interval_hours | L11: null 0 < số giờ ≤ 168 với cach_gio | M11: 4 5 | N11: ≤ 0 > 168 có giá trị mà handling_type khác cach_gio | O11: 16 17 18 | Q11: Action | R11: R1 | S11: R2 | T11: R3
A12: TC-DDIRULE-04 | B12: Từ chối tạo quy tắc có A trùng B | C12: Admin; hoạt chất X | D12: 1. POST với ingredient_a_id = ingredient_b_id = X 2. Đếm quy tắc và ngưỡng chạm X | E12: A = B = X | F12: 422 {"detail": "same_ingredient"}; không có dòng mới | G12: 422 same_ingredient; số dòng không đổi | H12: Pass | I12: AC4 · EP (12) · test_validation_errors_write_nothing__AC4 | K12: dose_thresholds | L12: 0–20 ngưỡng hợp lệ với phu_thuoc_lieu | M12: 6 | N12: > 20 ngưỡng min_dose > max_dose thiếu cả min và max liều âm ingredient_ref = B khi B ngoài danh mục có ngưỡng với chong_chi_dinh | O12: 19 20 21 22 23 24 | Q12: 401 | R12: X
A13: TC-DDIRULE-05 | B13: Từ chối tạo quy tắc với id hoạt chất không tồn tại | C13: Admin | D13: 1. POST với ingredient_b_id = 2000000000 | E13: ingredient_b_id: 2000000000 | F13: 422 {"detail": "active_ingredient_not_found"}; không có dòng mới | G13: 422 active_ingredient_not_found | H13: Pass | I13: AC4 · EP (11) · test_validation_errors_write_nothing__AC4 | K13: verification_status (request) | L13: không gửi | M13: 7 | N13: gửi bất kỳ giá trị | O13: 25 | Q13: 403 admin_only, không ghi gì | S13: X
A14: TC-DDIRULE-06 | B14: Từ chối gửi cả ingredient_b_id và ingredient_b_external_name | C14: Admin; X, Y | D14: 1. POST với cả ingredient_b_id = Y và ingredient_b_external_name = Rượu | E14: cả hai field B | F14: 422 ValidationError (detail là mảng lỗi theo field); không có dòng mới | G14: 422 ValidationError | H14: Pass | I14: AC4 · EP (9) · test_validation_errors_write_nothing__AC4 | K14: expected_version (PATCH/DELETE) | L14: bằng phiên bản hiện hành | M14: 8 | N14: phiên bản cũ thiếu | O14: 26 27 | Q14: Xử lý theo nghiệp vụ | T14: X
A15: TC-DDIRULE-07 | B15: Từ chối không gửi hoạt chất B | C15: Admin; X | D15: 1. POST không có ingredient_b_id lẫn ingredient_b_external_name | E15: thiếu B | F15: 422 ValidationError | G15: 422 ValidationError | H15: Pass | I15: AC4 · EP (10) · test_create_without_b_422 (unit)
A16: TC-DDIRULE-08 | B16: Từ chối chống chỉ định với mức độ khác 4 | C16: Admin; X, Y | D16: 1. POST interaction_type = chong_chi_dinh, severity_level = 2 | E16: chong_chi_dinh, mức 2 | F16: 422 {"detail": "contraindication_severity_mismatch"} | G16: 422 contraindication_severity_mismatch | H16: Pass | I16: AC4 · EP (15) · test_validation_errors_write_nothing__AC4
A17: TC-DDIRULE-09 | B17: Từ chối chống chỉ định kèm ngưỡng liều | C17: Admin; X, Y | D17: 1. POST chong_chi_dinh, mức 4, có 1 ngưỡng | E17: chong_chi_dinh + dose_thresholds[1] | F17: 422 {"detail": "threshold_not_allowed"} | G17: 422 threshold_not_allowed | H17: Pass | I17: AC4 · EP (24) · test_validation_errors_write_nothing__AC4 | Q17: Kết quả PATCH theo phiên bản và nội dung
A18: TC-DDIRULE-10 | B18: Từ chối ngưỡng có min_dose lớn hơn max_dose | C18: Admin; X, Y | D18: 1. POST với ngưỡng min_dose = 100, max_dose = 50 | E18: min 100, max 50 | F18: 422 {"detail": "threshold_range_invalid"} | G18: 422 threshold_range_invalid | H18: Pass | I18: AC4 · EP (20) · test_validation_errors_write_nothing__AC4 | Q18: Rule | R18: R1 | S18: R2 | T18: R3 | U18: R4
A19: TC-DDIRULE-11 | B19: Từ chối ngưỡng thiếu cả min_dose và max_dose | C19: Admin; X, Y | D19: 1. POST với ngưỡng không có min_dose, max_dose | E19: ngưỡng không có khoảng liều | F19: 422 ValidationError | G19: 422 ValidationError | H19: Pass | I19: AC4 · EP (21) · test_validation_errors_write_nothing__AC4 | Q19: Quy tắc tồn tại, chưa xóa? | R19: No | S19: Yes | T19: Yes | U19: Yes
A20: TC-DDIRULE-12 | B20: Từ chối ngưỡng có liều âm | C20: Admin; X, Y | D20: 1. POST với ngưỡng min_dose = -1 | E20: min_dose: -1 | F20: 422 ValidationError | G20: 422 ValidationError | H20: Pass | I20: AC4 · EP (22) · test_create_structure_errors_422 (unit) | Q20: expected_version = hiện hành? | R20: - | S20: No | T20: Yes | U20: Yes
A21: TC-DDIRULE-13 | B21: Từ chối ngưỡng cho hoạt chất B khi B là chất ngoài danh mục | C21: Admin; X | D21: 1. POST B = Rượu (tên ngoài), ngưỡng ingredient_ref = B 2. Đếm dòng chạm X | E21: ingredient_ref: B | F21: 422 {"detail": "threshold_ref_invalid"}; không có dòng mới | G21: 422 threshold_ref_invalid; 0 dòng | H21: Pass | I21: AC4 · EP (23) · test_threshold_for_external_b_rejected__AC4 | Q21: Nội dung khác hiện hành? | R21: - | S21: - | T21: No | U21: Yes
A22: TC-DDIRULE-14 | B22: Từ chối gửi verification_status khi tạo và khi sửa | C22: Admin; X, Y | D22: 1. POST có verification_status = cho_duyet 2. Tạo quy tắc hợp lệ rồi PATCH có verification_status 3. Đọc verification_status trong DB | E22: verification_status: cho_duyet / x | F22: Cả hai 422 ValidationError; DB chỉ có da_xac_minh | G22: 422 cả hai; DB = [da_xac_minh] | H22: Pass | I22: AC15, AC16 · EP (25) · test_verification_status_not_writable__AC15_AC16 | Q22: Action | R22: R1 | S22: R2 | T22: R3 | U22: R4
A23: TC-DDIRULE-15 | B23: Báo trùng khi tạo cặp hoạt chất đảo thứ tự hoặc tên ngoài khác hoa thường | C23: Admin; đã có quy tắc (X, Y) và (X, "Rượu") | D23: 1. POST (Y, X) 2. POST (X, "rượu") | E23: cặp đảo chiều; tên ngoài viết thường | F23: 409 {"detail": "interaction_rule_exists"} cho cả hai; không có dòng mới | G23: 409 interaction_rule_exists; vẫn 2 quy tắc | H23: Pass | I23: AC5 · Đoán lỗi · test_duplicate_pair_conflict__AC5 | Q23: 404 interaction_rule_not_found | R23: X
A24: TC-DDIRULE-16 | B24: Hai request tạo cùng cặp chạy đồng thời chỉ một thành công | C24: Admin; X, Y chưa có quy tắc; một giao dịch khác đang giữ cặp (X, Y) chưa commit | D24: 1. Gửi đồng thời POST (X, Y) và POST (Y, X) 2. Chờ tới khi cả hai đang chờ khóa DB 3. Rollback giao dịch đang giữ 4. Đếm quy tắc mở của cặp | E24: 2 request song song | F24: Một 201, một 409; đúng 1 quy tắc mở cho cặp | G24: [201, 409]; 1 quy tắc | H24: Pass | I24: AC6 · Chạy đua · test_concurrent_create_one_wins__AC6 | Q24: 409 version_conflict | S24: X
A25: TC-DDIRULE-17 | B25: Xóa mềm quy tắc: ẩn khỏi danh sách, giữ dòng và ngưỡng, tạo lại được | C25: Admin; quy tắc Q (phiên bản 1, 1 ngưỡng) | D25: 1. DELETE /admin/drug-interactions/{id}?expected_version=1 2. Kiểm DB 3. GET, PATCH, DELETE lại Q 4. GET danh sách lọc theo X 5. POST lại cùng cặp | E25: expected_version: 1 | F25: 204 rỗng; DB còn dòng, deleted_at và deleted_by = admin, ngưỡng còn; GET/PATCH/DELETE 404 interaction_rule_not_found; danh sách rỗng; tạo lại 201 với mã mới | G25: Đúng như mong đợi | H25: Pass | I25: AC7, AC24 · Chuyển trạng thái (current → deleted) · test_soft_delete_hides_keeps_rows_and_allows_recreate__AC7 | Q25: 200, giữ phiên bản | T25: X
A26: TC-DDIRULE-18 | B26: Lọc, phân trang và sắp xếp danh sách quy tắc | C26: Admin; 3 quy tắc chạm hoạt chất Alpha (một ở vị trí B), 1 quy tắc tên ngoài; thuốc phối hợp chứa hai hoạt chất | D26: 1. GET ?ingredient_id=Alpha 2. Thêm severity_level, interaction_type 3. limit=2, skip=2 4. q viết hoa khác tên 5. q theo tên ngoài 6. medication_id của thuốc phối hợp và của thuốc chưa có hoạt chất | E26: các bộ lọc như bước | F26: Chỉ các quy tắc mở khớp lọc; mới sửa trước; total không tính phân trang; q không phân biệt hoa thường; medication_id khớp bất kỳ hoạt chất của thuốc; thuốc chưa có hoạt chất → rỗng | G26: Đúng như mong đợi | H26: Pass | I26: AC8, AC26 · test_list_filters_paging_total_order__AC8_AC26 | Q26: 200, phiên bản mới, bản cũ superseded | U26: X
A27: TC-DDIRULE-19 | B27: Sửa nội dung giữ field khác; không đổi được cặp hoạt chất | C27: Admin; quy tắc phụ thuộc liều có 1 ngưỡng | D27: 1. PATCH expected_version=1, severity_level=3, description 2. PATCH gửi ingredient_a_id / ingredient_b_id / ingredient_b_external_name 3. PATCH đổi sang chong_chi_dinh mức 4 khi còn ngưỡng 4. PATCH như trên kèm dose_thresholds: [] | E27: như bước | F27: 200 với 2 field đổi, field khác giữ; đổi cặp 422 ValidationError; còn ngưỡng 422 threshold_not_allowed; kèm [] thì 200 và không còn ngưỡng | G27: Đúng như mong đợi | H27: Pass | I27: AC9 · test_patch_content_and_reject_pair_change__AC9
A28: TC-DDIRULE-20 | B28: Chặn người chưa đăng nhập và tài khoản không phải admin | C28: User thường; không token | D28: 1. Gọi lần lượt mọi endpoint /admin/drug-interactions..., /admin/drug-food-interactions, /admin/active-ingredients không token 2. Gọi lại bằng phiên của user thường 3. Đếm access_logs trước/sau | E28: 9 route | F28: 401 khi không token; 403 {"detail": "admin_only"} với user thường; access_logs không đổi; POST của user thường không ghi dòng nào | G28: Đúng như mong đợi | H28: Pass | I28: AC11 · Decision Table (R1, R2) · test_auth_401_and_non_admin_403__AC11, test_non_admin_write_changes_nothing__AC11
A29: TC-DDIRULE-21 | B29: Uống cách giờ: số giờ không bắt buộc, chỉ đi với cach_gio | C29: Admin; các hoạt chất mới | D29: 1. POST cach_gio + 2 giờ 2. POST cach_gio không số giờ 3. POST tranh_phoi_hop / can_theo_doi / giam_lieu kèm 2 giờ 4. PATCH đổi cach_gio → can_theo_doi khi còn số giờ 5. PATCH như trên kèm min_interval_hours: null | E29: như bước | F29: 201 với 2; 201 với null; 422 min_interval_not_allowed và không ghi; PATCH 422 min_interval_not_allowed; kèm null thì 200 | G29: Đúng như mong đợi | H29: Pass | I29: AC27 · EP (4, 5, 18) · test_min_interval_rules__AC27
A30: TC-DDIRULE-BVA-01 | B30: Biên severity_level | C30: Admin | D30: 1. POST với severity_level = 0, 1, 4 (chong_chi_dinh), 5 | E30: 0 / 1 / 4 / 5 | F30: 0 → 422; 1 → 201; 4 → 201; 5 → 422 | G30: Đúng như mong đợi | H30: Pass | I30: AC4 · BVA (min-1, min, max, max+1) · test_create_boundaries
A31: TC-DDIRULE-BVA-02 | B31: Biên min_interval_hours | C31: Admin; handling_type = cach_gio | D31: 1. POST với min_interval_hours = 0, 0.5, 168, 169 | E31: 0 / 0.5 / 168 / 169 | F31: 0 → 422; 0.5 → 201; 168 → 201; 169 → 422 | G31: Đúng như mong đợi | H31: Pass | I31: AC27 · BVA (min-1, min, max, max+1) · test_create_boundaries
A32: TC-DDIRULE-BVA-03 | B32: Biên độ dài description và source | C32: Admin | D32: 1. POST description dài 4000 và 4001 2. POST source dài 500 và 501 | E32: a*4000 / a*4001 / s*500 / s*501 | F32: 4000 → 201, 4001 → 422; 500 → 201, 501 → 422 | G32: Đúng như mong đợi | H32: Pass | I32: BVA (max, max+1) · test_create_boundaries
A33: TC-DDIRULE-BVA-04 | B33: Biên số ngưỡng liều | C33: Admin | D33: 1. POST với 20 ngưỡng 2. POST với 21 ngưỡng | E33: 20 / 21 ngưỡng | F33: 20 → 201 và trả đủ 20; 21 → 422 | G33: Đúng như mong đợi | H33: Pass | I33: BVA (max, max+1) · test_create_boundaries
A34: TC-DDIRULE-BVA-05 | B34: Biên limit của danh sách | C34: Admin | D34: 1. GET /admin/drug-interactions?limit=0, 1, 100, 101 | E34: 0 / 1 / 100 / 101 | F34: 0 → 422; 1 → 200; 100 → 200; 101 → 422 | G34: Đúng như mong đợi | H34: Pass | I34: AC8 · BVA (min-1, min, max, max+1) · test_list_limit_boundaries
A35: TC-DDIRULE-22 | B35: Sửa tạo phiên bản mới, phiên bản cũ giữ nguyên nội dung | C35: Admin; quy tắc R phiên bản 1 | D35: 1. PATCH expected_version=1, severity_level=3 2. So dòng DB phiên bản 1 trước và sau | E35: severity_level: 3 | F35: 200: cùng id, version = 2, version_id mới, updated_by = admin; DB có 2 dòng, phiên bản 1 nội dung không đổi và superseded_at có giá trị | G35: Đúng như mong đợi | H35: Pass | I35: AC18 · Decision Table bảng 2 (R4) · Chuyển trạng thái (current → superseded) · test_patch_creates_new_version_old_unchanged__AC18
A36: TC-DDIRULE-23 | B36: Ngưỡng liều thuộc từng phiên bản | C36: Admin; quy tắc có 2 ngưỡng | D36: 1. PATCH chỉ đổi description 2. PATCH gửi 1 ngưỡng mới 3. Đọc ngưỡng của từng phiên bản trong DB | E36: như bước | F36: Phiên bản 2 có 2 ngưỡng id mới; phiên bản 3 có 1 ngưỡng; ngưỡng của phiên bản 1 không đổi | G36: Đúng như mong đợi | H36: Pass | I36: AC19 · test_thresholds_belong_to_each_version__AC19
A37: TC-DDIRULE-24 | B37: Từ chối sửa/xóa với expected_version cũ | C37: Admin; quy tắc đã lên phiên bản 2 | D37: 1. PATCH expected_version=1 2. DELETE ?expected_version=1 | E37: expected_version: 1 | F37: 409 {"detail": "version_conflict"} cho cả hai; DB không đổi | G37: 409 version_conflict; vẫn 2 phiên bản, chưa xóa | H37: Pass | I37: AC20 · EP (26) · Decision Table bảng 2 (R2) · test_stale_expected_version_conflict__AC20
A38: TC-DDIRULE-25 | B38: Hai admin sửa cùng phiên bản đồng thời chỉ một thành công | C38: Admin; quy tắc phiên bản 1; một giao dịch khác giữ khóa quy tắc | D38: 1. Gửi đồng thời hai PATCH expected_version=1 với mô tả khác nhau 2. Chờ tới khi cả hai đang chờ khóa DB 3. Thả khóa 4. Đếm phiên bản | E38: 2 request song song | F38: Một 200, một 409; đúng 2 phiên bản, 1 phiên bản mở | G38: [200, 409]; phiên bản [1, 2] | H38: Pass | I38: AC20 · Chạy đua · test_concurrent_patch_same_version_one_wins__AC20
... A49: TC-DDIRULE-36 | B49: Response khớp contract (operationId, mã trạng thái, field) | C49: api_contract/openapi.json (đã duyệt) | D49: 1. So OpenAPI sinh từ app với contract cho 15 operation | E49: 15 operation | F49: operationId, mã trạng thái, shape request/response, tham số query khớp; bảng mức độ 1–4 có trong contract | G49: 28 test pass | H49: Pass | I49: AC14, AC17 · test_contract_interaction.py (unit)
G52: Pass | H52: =COUNTIF(H9:H49,"Pass")
G53: Fail | H53: =COUNTIF(H9:H49,"Fail")
G54: Pending | H54: =COUNTIF(H9:H49,"Pending")
G55: Total | H55: =SUM(H52:H54)

Sheet Tương tác thuốc-thực phẩm
A1: Project Name | B1: DrugTime
A2: Module Name | B2: Danh mục tương tác thuốc-thực phẩm (admin) (DFIRULE)
A3: Created By | B3: zannguyen
A4: Creation Date | B4: 46307
A5: Reviewed By
A6: Reviewed Date
K7: Equivalence Partitioning
A8: Test Case ID | B8: Description | C8: Precondition | D8: Test Steps | E8: Test Data | F8: Expected Result | G8: Actual Result | H8: Status | I8: Comments(if any) | K8: Field | L8: Valid | M8: Num | N8: Invalid | O8: Num
A9: TC-DFIRULE-01 | B9: Tạo, xem, sửa, xóa mềm, xem lịch sử, tạo lại quy tắc thực phẩm | C9: Admin; hoạt chất có trong danh mục | D9: 1. POST /admin/drug-food-interactions 2. GET chi tiết 3. PATCH expected_version=1 đổi food_to_avoid, reason, severity_level 4. DELETE ?expected_version=2 5. GET chi tiết, GET lịch sử, GET phiên bản 1 6. POST lại cùng thực phẩm | E9: food_to_avoid: Nước bưởi chùm → Rượu | F9: 201 version 1; GET bằng response tạo; 200 version 2; DB có 2 phiên bản, bản 1 superseded; 204; 404; lịch sử deleted/superseded; phiên bản 1 giữ Nước bưởi chùm; tạo lại 201 | G9: Đúng như mong đợi | H9: Pass | I9: AC10, AC7, AC18 · Chuyển trạng thái · test_crud_flow__AC10 | K9: ingredient_id | L9: có trong danh mục | M9: 1 | N9: không tồn tại gửi khi sửa | O9: 3 4
A10: TC-DFIRULE-02 | B10: Từ chối dữ liệu sai và không ghi gì | C10: Admin | D10: 1. POST với hoạt chất không tồn tại 2. food_to_avoid chỉ khoảng trắng 3. severity_level = 5 4. có verification_status 5. thiếu source | E10: như bước | F10: 422 (hoạt chất không tồn tại: {"detail": "active_ingredient_not_found"}); không có dòng mới | G10: Đúng như mong đợi | H10: Pass | I10: AC10, AC4, AC15 · EP (3, 5) · test_validation_errors_write_nothing__AC10_AC4 | K10: food_to_avoid | L10: 1–200 ký tự, có ký tự không phải khoảng trắng | M10: 2 | N10: chỉ khoảng trắng trùng (không phân biệt hoa thường) với quy tắc mở của cùng hoạt chất | O10: 5 6
A11: TC-DFIRULE-03 | B11: Báo trùng thực phẩm không phân biệt hoa thường | C11: Admin; đã có (hoạt chất H, "Bưởi") | D11: 1. POST (H, "BƯỞI") 2. POST (hoạt chất khác, "Bưởi") | E11: BƯỞI | F11: 409 interaction_rule_exists; hoạt chất khác thì 201 | G11: Đúng như mong đợi | H11: Pass | I11: AC10, AC5 · EP (6) · test_duplicate_food_case_insensitive__AC10_AC5
A12: TC-DFIRULE-04 | B12: Sửa thực phẩm thành trùng với quy tắc khác bị từ chối và không ghi gì | C12: Admin; hoạt chất H có "Sữa" và "Rượu" | D12: 1. PATCH quy tắc "Rượu" đổi food_to_avoid = "sữa" 2. Đọc phiên bản trong DB | E12: food_to_avoid: sữa | F12: 409 interaction_rule_exists; vẫn 1 phiên bản, phiên bản 1 vẫn mở (giao dịch rollback) | G12: Đúng như mong đợi | H12: Pass | I12: AC10, AC5 · EP (6) · Đoán lỗi · test_patch_food_to_duplicate_conflict_writes_nothing
A13: TC-DFIRULE-05 | B13: Không đổi được hoạt chất; phiên bản cũ bị từ chối | C13: Admin; quy tắc phiên bản 1 | D13: 1. PATCH gửi ingredient_id 2. PATCH hợp lệ lên phiên bản 2 3. PATCH expected_version=1 | E13: như bước | F13: 422 ValidationError; 200; 409 version_conflict | G13: Đúng như mong đợi | H13: Pass | I13: AC10, AC9, AC20 · EP (4) · test_patch_rejects_ingredient_change_and_stale_version
A14: TC-DFIRULE-06 | B14: Lọc và phân trang quy tắc thực phẩm | C14: Admin; 2 quy tắc của hoạt chất Simva, 1 của hoạt chất khác | D14: 1. GET ?ingredient_id 2. thêm severity_level 3. q viết hoa theo tên hoạt chất 4. q theo food_to_avoid 5. medication_id 6. limit=1&skip=1 | E14: như bước | F14: Đúng tập kết quả, mới sửa trước, total đúng | G14: Đúng như mong đợi | H14: Pass | I14: AC10, AC8 · test_filters__AC10_AC8
G17: Pass | H17: =COUNTIF(H9:H14,"Pass")
G18: Fail | H18: =COUNTIF(H9:H14,"Fail")
G19: Pending | H19: =COUNTIF(H9:H14,"Pending")
G20: Total | H20: =SUM(H17:H19)

Sheet Tra cứu hoạt chất
A1: Project Name | B1: DrugTime
A2: Module Name | B2: Tra cứu hoạt chất (admin) (INGRED)
A3: Created By | B3: zannguyen
A4: Creation Date | B4: 46307
A5: Reviewed By
A6: Reviewed Date
K7: Equivalence Partitioning
A8: Test Case ID | B8: Description | C8: Precondition | D8: Test Steps | E8: Test Data | F8: Expected Result | G8: Actual Result | H8: Status | I8: Comments(if any) | K8: Field | L8: Valid | M8: Num | N8: Invalid | O8: Num
A9: TC-INGRED-01 | B9: Tìm hoạt chất theo tên chuẩn và theo tên gọi khác | C9: Admin; hoạt chất Warfarin-<tag> có alias Coumadin-<tag>; Other-<tag> | D9: 1. GET /admin/active-ingredients?q=WARFARIN-<tag> (viết hoa) 2. q=coumadin-<tag> 3. q=<tag> | E9: như bước | F9: Trả đúng Warfarin kèm aliases; theo alias trả Warfarin; theo tag trả cả hai, sắp theo tên | G9: Đúng như mong đợi | H9: Pass | I9: AC12 · EP (1, 2) · test_search_by_name_and_alias__AC12 | K9: q | L9: khớp một phần tên chuẩn khớp một phần alias | M9: 1 2 | N9: chuỗi rỗng ký tự wildcard % _ (phải khớp nguyên văn) | O9: 4 5
A10: TC-INGRED-02 | B10: Ký tự wildcard trong từ khóa được khớp nguyên văn | C10: Admin; hoạt chất plain-<tag> | D10: 1. GET q=%<tag> 2. GET q=_lain-<tag> | E10: % và _ | F10: total = 0 cho cả hai | G10: Đúng như mong đợi | H10: Pass | I10: AC12 · EP (5) · Đoán lỗi · test_wildcards_are_literal | K10: medication_id | L10: thuốc có hoạt chất | M10: 3 | N10: thuốc không tồn tại thuốc chưa ánh xạ hoạt chất | O10: 6 7
A11: TC-INGRED-03 | B11: Xem hoạt chất của một thuốc phối hợp | C11: Admin; thuốc chứa hai hoạt chất | D11: 1. GET ?medication_id 2. GET ?medication_id&limit=1 | E11: thuốc 2 hoạt chất | F11: Trả đúng 2 hoạt chất, total 2; limit 1 trả 1 với total 2 | G11: Đúng như mong đợi | H11: Pass | I11: AC12, Q7 · EP (3) · test_by_medication__AC12
A12: TC-INGRED-04 | B12: Thuốc không tồn tại hoặc chưa ánh xạ hoạt chất trả danh sách rỗng | C12: Admin | D12: 1. GET ?medication_id=2000000000 2. GET ?medication_id=<thuốc chưa có hoạt chất> | E12: như bước | F12: 200 {"items": [], "total": 0} | G12: Đúng như mong đợi | H12: Pass | I12: AC12 · EP (6, 7) · test_unknown_or_unmapped_medication_empty__AC12
A13: TC-INGRED-05 | B13: Từ chối tham số query sai | C13: Admin | D13: 1. GET ?limit=0, ?limit=101, ?skip=-1, ?q= | E13: như bước | F13: 422 cho từng trường hợp | G13: 422 | H13: Pass | I13: AC12 · EP (4) · BVA · test_bad_query_422 (unit)
A14: TC-INGRED-06 | B14: Chặn không token và tài khoản không phải admin | C14: Không token; user thường | D14: 1. GET /admin/active-ingredients không token 2. GET bằng phiên user thường | E14: - | F14: 401; 403 {"detail": "admin_only"} | G14: Đúng như mong đợi | H14: Pass | I14: AC11 · test_auth_401_and_non_admin_403__AC11
G17: Pass | H17: =COUNTIF(H9:H14,"Pass")
G18: Fail | H18: =COUNTIF(H9:H14,"Fail")
G19: Pending | H19: =COUNTIF(H9:H14,"Pending")
G20: Total | H20: =SUM(H17:H19)

Sheet Mã liên kết người thân
A1: Project Name | B1: DrugTime
A2: Module Name | B2: Mã liên kết người thân (LINKCODE)
A3: Created By | B3: zannguyen
A4: Creation Date | B4: 46308
A5: Reviewed By
A6: Reviewed Date
K7: Equivalence Partitioning | Q7: Kết quả GET /family/link-code
A8: Test Case ID | B8: Description | C8: Precondition | D8: Test Steps | E8: Test Data | F8: Expected Result | G8: Actual Result | H8: Status | I8: Comments(if any) | K8: Field | L8: Valid | M8: Num | N8: Invalid | O8: Num | Q8: Rule | R8: R1 | S8: R2 | T8: R3 | U8: R4 | V8: R5
A9: TC-LINKCODE-01 | B9: Lấy mã liên kết lần đầu khi user chưa có mã | C9: User thường đã đăng nhập (phiên mobile), chưa có dòng link_codes; đã đồng ý family_sharing (BS-05, từ 3.13) | D9: 1. GET /family/link-code với header Authorization của user 2. Kiểm bảng link_codes theo patient_user_id | E9: Authorization: Bearer <phiên mobile của U> | F9: 200; body chỉ có code (10 ký tự khớp ^[A-HJKMNP-Z2-9]{10}$) và qr_payload; DB có đúng 1 dòng link_codes của U với code trùng response | G9: 200, body {code, qr_payload} đúng định dạng; đúng 1 dòng link_codes của U | H9: Pass | I9: AC1 · EP (1,2) · Decision Table (R5) · test_first_call_creates_one_row__AC1 | K9: Phiên gọi (header Authorization) | L9: Phiên mobile hợp lệ của tài khoản cá nhân | M9: 1 | N9: Không có header Token sai Token của tài khoản đã xóa dữ liệu Token của user không tồn tại Phiên của tài khoản admin | O9: 4 5 6 7 8 | Q9: Phiên hợp lệ, tài khoản còn? | R9: No | S9: Yes | T9: Yes | U9: Yes | V9: Yes
A10: TC-LINKCODE-02 | B10: Gọi lại nhiều lần trả đúng mã cũ | C10: User U đã có mã C (đã gọi endpoint một lần); đã đồng ý family_sharing (BS-05, từ 3.13) | D10: 1. GET /family/link-code 3 lần với phiên của U 2. Kiểm bảng link_codes của U | E10: 3 lần gọi liên tiếp | F10: Cả 3 lần 200 với cùng body; vẫn 1 dòng, code và created_at không đổi | G10: 3 lần 200, body giống hệt lần đầu; 1 dòng, created_at không đổi | H10: Pass | I10: AC2 · Decision Table (R4) · test_repeated_calls_return_same_code__AC2 | K10: Consent family_sharing của người gọi | L10: Đang đồng ý | M10: 2 | N10: Chưa từng đồng ý Đã rút | O10: 9 10 | Q10: Tài khoản admin? | R10: - | S10: Yes | T10: No | U10: No | V10: No
A11: TC-LINKCODE-03 | B11: Chờ request khác đang tạo mã cho cùng user rồi trả đúng mã đó | C11: User U chưa có mã; một kết nối khác đã INSERT mã M cho U trong transaction chưa commit; đã đồng ý family_sharing (BS-05, từ 3.13) | D11: 1. Gửi GET /family/link-code của U trong thread riêng 2. Xác nhận request đang chờ khóa (pg_stat_activity) 3. Commit transaction của kết nối kia 4. Đợi request trả về | E11: M = mã ngẫu nhiên hợp lệ | F11: 200 với code = M; DB chỉ có 1 dòng của U; không 5xx | G11: Request chờ khóa, sau commit trả 200 với code = M; 1 dòng. Chạy lặp 5 lần đều pass | H11: Pass | I11: AC3 · Đoán lỗi (chạy đua) · test_waits_for_concurrent_insert_and_returns_its_code__AC3 | K11: Mã liên kết (code) | L11: 10 ký tự thuộc A–Z, 2–9, bỏ 0 O 1 I L | M11: 3 | N11: Có ký tự dễ nhầm 0, O, 1, I, L Chữ thường Độ dài khác 10 | O11: 11 12 13 | Q11: Đang đồng ý family_sharing? | R11: - | S11: - | T11: No | U11: Yes | V11: Yes
A12: TC-LINKCODE-04 | B12: Hai request đầu tiên gửi đồng thời nhận cùng một mã | C12: User U chưa có mã; đã đồng ý family_sharing (BS-05, từ 3.13) | D12: 1. Gửi đồng thời 2 request GET /family/link-code của U (Barrier) 2. Kiểm bảng link_codes của U | E12: 2 thread cùng phiên của U | F12: Cả hai 200, cùng body; đúng 1 dòng của U | G12: Cả hai 200, cùng code; 1 dòng. Chạy lặp 5 lần đều pass | H12: Pass | I12: AC3 · Đoán lỗi (gửi trùng) · test_parallel_first_calls_same_code__AC3 | Q12: User đã có mã? | R12: - | S12: - | T12: - | U12: Yes | V12: No
A13: TC-LINKCODE-05 | B13: Sinh 10.000 mã đều đúng độ dài và bảng ký tự | C13: Không cần DB | D13: 1. Gọi generate_code() 10.000 lần 2. Kiểm độ dài và ký tự của từng mã | E13: 10.000 mã | F13: Mọi mã dài 10, chỉ gồm ký tự trong ALPHABET; không trùng nhau | G13: 10.000 mã dài 10, đúng bảng ký tự, không trùng | H13: Pass | I13: AC4 · EP (3) · test_generate_code_length_and_alphabet__AC4 | Q13: Action | R13: R1 | S13: R2 | T13: R3 | U13: R4 | V13: R5
A14: TC-LINKCODE-06 | B14: Bảng ký tự không chứa ký tự dễ nhầm | C14: Không cần DB | D14: 1. Đọc ALPHABET 2. So với tập 0 O 1 I L | E14: ALPHABET = ABCDEFGHJKMNPQRSTUVWXYZ23456789 | F14: 31 ký tự phân biệt; không có 0, O, 1, I, L | G14: 31 ký tự, không có ký tự dễ nhầm | H14: Pass | I14: AC4 · EP (11) · test_alphabet_excludes_confusable_characters__AC4 | Q14: 401, không ghi gì | R14: X
A15: TC-LINKCODE-07 | B15: Mã được sinh bằng nguồn ngẫu nhiên an toàn | C15: Không cần DB | D15: 1. Kiểm giá trị mặc định của generate_code 2. Quét mã nguồn module family tìm import random | E15: src/drugtime/modules/family/** | F15: Mặc định dùng secrets.choice; không file nào import random | G15: Mặc định secrets.choice; không có import random | H15: Pass | I15: AC4 · Đoán lỗi (bảo mật) · test_generate_code_defaults_to_secrets_choice__AC4, test_family_module_does_not_import_random__AC4 | Q15: 403 khong_co_quyen, không ghi gì | S15: X
A16: TC-LINKCODE-08 | B16: Tách mã từ qr_payload được đúng code | C16: User thường đã đăng nhập; đã đồng ý family_sharing (BS-05, từ 3.13) | D16: 1. GET /family/link-code 2. Phân tích qr_payload như URL, lấy tham số code | E16: qr_payload trong response | F16: qr_payload = drugtime://link?code=<code>; scheme drugtime, host link, tham số code = code | G16: Đúng định dạng; tham số code bằng code của response | H16: Pass | I16: AC5 · test_qr_payload_contains_code__AC5, test_qr_payload_roundtrip__AC5 | Q16: 403 family_sharing_consent_required, không sinh mã | T16: X
A17: TC-LINKCODE-09 | B17: Không lấy được hoặc tạo mã cho user khác bằng tham số query | C17: Hai user thường U, V; V chưa có mã; đã đồng ý family_sharing (BS-05, từ 3.13) | D17: 1. U gọi GET /family/link-code 2. U gọi GET /family/link-code?patient_user_id=<V>&user_id=<V> 3. Kiểm link_codes của V 4. V gọi GET /family/link-code | E17: patient_user_id = id của V | F17: Lần 2 vẫn trả mã của U; V không có dòng nào cho tới khi V tự gọi; mã của V khác mã của U | G17: Trả mã của U; V không có dòng; sau đó V nhận mã riêng, khác mã của U | H17: Pass | I17: AC6 · Đoán lỗi (truy cập dữ liệu người khác) · test_codes_are_per_user_and_query_ignored__AC6 | Q17: 200, trả mã cũ, không ghi gì | U17: X
A18: TC-LINKCODE-10 | B18: Sinh lại khi mã trùng với mã của user khác | C18: Mã đầu tiên sinh ra đã thuộc user khác (fake repository) | D18: 1. Gọi use case get_link_code với generate trả lần lượt mã đã có rồi mã mới | E18: TAKEN23456 (đã có), FRESH23456 | F18: Trả FRESH23456; insert được gọi 2 lần | G18: Trả FRESH23456 sau 2 lần insert | H18: Pass | I18: AC7 · Đoán lỗi (trùng mã) · test_retries_on_code_collision__AC7 | Q18: 200, sinh và lưu một mã mới | V18: X
A19: TC-LINKCODE-11 | B19: Trả 503 link_code_unavailable khi trùng mã ở cả 5 lần thử | C19: Mọi mã sinh ra đều đã thuộc user khác (fake repository) | D19: 1. Gọi use case get_link_code với generate luôn trả mã đã có | E19: TAKEN23456 × 5 | F19: ServiceUnavailable("link_code_unavailable") (HTTP 503) sau đúng 5 lần insert; không lưu gì; message không chứa mã | G19: ServiceUnavailable link_code_unavailable sau 5 lần; không lưu; message không có mã | H19: Pass | I19: AC7 · AC10 · BVA (max = 5 lần thử) · test_gives_up_after_max_attempts_503__AC7, test_errors_do_not_contain_code__AC10
A20: TC-LINKCODE-12 | B20: Gọi không có header Authorization | C20: Không đăng nhập | D20: 1. GET /family/link-code không có header Authorization 2. Đếm dòng link_codes trước và sau | E20: (blank) | F20: 401; số dòng link_codes không đổi | G20: 401; không có dòng mới | H20: Pass | I20: AC8 · EP (4) · Decision Table (R1) · test_unauthenticated_401_no_row__AC8[no_header]
A21: TC-LINKCODE-13 | B21: Gọi với token sai | C21: Không có phiên hợp lệ | D21: 1. GET /family/link-code với Authorization: Bearer not-a-valid-token | E21: Bearer not-a-valid-token | F21: 401; không có dòng mới | G21: 401; không có dòng mới | H21: Pass | I21: AC8 · EP (5) · Decision Table (R1) · test_unauthenticated_401_no_row__AC8[bad_token]
A22: TC-LINKCODE-14 | B22: Gọi bằng token của tài khoản đã xóa dữ liệu | C22: User U có phiên mobile hợp lệ, sau đó users.erased_at được đặt | D22: 1. GET /family/link-code với token của U | E22: Token đúng chữ ký, tài khoản đã xóa | F22: 401; U không có dòng link_codes | G22: 401; không có dòng | H22: Pass | I22: AC8 · EP (6) · Decision Table (R1) · test_unauthenticated_401_no_row__AC8[erased_account]
A23: TC-LINKCODE-15 | B23: Gọi bằng token của user không tồn tại | C23: Token đúng chữ ký với sub là UUID ngẫu nhiên không có trong users | D23: 1. GET /family/link-code với token đó | E23: sub = uuid4() ngẫu nhiên | F23: 401 | G23: 401 | H23: Pass | I23: AC8 · EP (7) · test_unknown_user_token_401
A24: TC-LINKCODE-16 | B24: Tài khoản admin bị từ chối lấy mã | C24: Tài khoản admin có phiên admin_web | D24: 1. GET /family/link-code với phiên admin 2. Đếm dòng link_codes trước và sau | E24: Phiên admin_web | F24: 403 {"detail": "khong_co_quyen"}; không có dòng mới; admin bị chặn trước khi kiểm consent | G24: 403 {"detail": "khong_co_quyen"}; không có dòng mới | H24: Pass | I24: AC9 · EP (8) · Decision Table (R2) · test_admin_403_khong_co_quyen_no_row__AC9, test_admin_forbidden_before_any_query__AC9, test_admin_checked_before_consent__AC32
A25: TC-LINKCODE-17 | B25: Mã và qr_payload không xuất hiện trong log ứng dụng | C25: Logger drugtime ở mức DEBUG; đã đồng ý family_sharing (BS-05, từ 3.13) | D25: 1. Gọi GET /family/link-code 2 lần (sinh mã, rồi lấy lại) 2. Tìm code và qr_payload trong log bắt được | E25: caplog | F25: Không dòng log nào chứa code hay qr_payload | G25: Không có | H25: Pass | I25: AC10 · Đoán lỗi (bí mật) · test_code_not_logged__AC10
A26: TC-LINKCODE-18 | B26: Bảng link_codes sau migration chỉ còn cột của mô hình mã cố định | C26: supabase db reset (10 migration) | D26: 1. Đọc information_schema.columns và pg_indexes của link_codes | E26: - | F26: Cột: id, patient_user_id, code, created_at; index: link_codes_code_key, link_codes_patient_user_id_key, link_codes_pkey | G26: Đúng như mong đợi | H26: Pass | I26: AC11 · test_link_codes_columns_after_migration__AC11
A27: TC-LINKCODE-19 | B27: DB từ chối mã thứ hai cho cùng một user | C27: User U đã có một dòng link_codes | D27: 1. INSERT dòng link_codes thứ hai cho U với mã khác | E27: Mã ngẫu nhiên hợp lệ | F27: Lỗi vi phạm link_codes_patient_user_id_key; U vẫn 1 dòng | G27: Lỗi link_codes_patient_user_id_key; vẫn 1 dòng | H27: Pass | I27: AC11 · test_second_code_for_same_user_rejected__AC11
A28: TC-LINKCODE-20 | B28: DB từ chối mã trùng của hai user khác nhau | C28: User U có mã C | D28: 1. INSERT dòng link_codes cho user V với cùng mã C | E28: C của U | F28: Lỗi vi phạm link_codes_code_key; V không có dòng | G28: Lỗi link_codes_code_key; V không có dòng | H28: Pass | I28: AC11 · test_duplicate_code_rejected__AC11
A29: TC-LINKCODE-21 | B29: Migration dọn trùng giữ đúng dòng mới nhất và xóa mã sai định dạng | C29: DB reset về 20261011164026 (trước migration), schema cũ. A: 2 mã hợp lệ (cách nhau 1 ngày); B: 1 mã hợp lệ; C: chỉ có mã sai định dạng; D: mã hợp lệ (cũ hơn) + mã sai định dạng (mới hơn) | D29: 1. supabase migration up --local 2. Đọc link_codes của A, B, C, D 3. supabase db reset lại đầy đủ | E29: A: AAAAAAAAA2 (cũ), AAAAAAAAA3 (mới); B: BBBBBBBBB2; C: LEGACYIO01; D: DDDDDDDDD2 (cũ), legacy-d0 (mới) | F29: A còn AAAAAAAAA3; B còn BBBBBBBBB2; C không còn dòng; D còn DDDDDDDDD2 | G29: A: AAAAAAAAA3; B: BBBBBBBBB2; C: không có dòng; D: DDDDDDDDD2 | H29: Pass | I29: AC12 · Review F1 · Chuyển trạng thái (schema cũ → mới) · scratch/verify_link_codes_dedupe.py · kết quả của task 3.10 (2026-10-13), 3.13 không chạy lại
A30: TC-LINKCODE-22 | B30: api_role chỉ đọc và tạo được mã | C30: Kết nối bằng api_role; mỗi thao tác trong transaction riêng rồi rollback | D30: 1. SELECT, INSERT, UPDATE, DELETE trên link_codes bằng api_role | E30: - | F30: SELECT, INSERT thành công; UPDATE, DELETE bị từ chối (permission denied) | G30: Đúng như mong đợi | H30: Pass | I30: AC13 · test_role_grants_on_link_codes__AC13[api_role-*]
... A44: TC-LINKCODE-33 | B44: Đồng ý family_sharing qua API thì lấy được mã; rút rồi đồng ý lại vẫn là mã cũ | C44: User thường chưa có consent family_sharing | D44: 1. POST /consents {"purpose": "family_sharing", "document_version": "2026-10-v1"} 2. GET /family/link-code 3. POST /consents/family_sharing/withdraw 4. GET /family/link-code 5. POST /consents như bước 1 6. GET /family/link-code | E44: document_version = "2026-10-v1" | F44: Bước 1, 5: 201; bước 2: 200 với mã C; bước 3: 200; bước 4: 403 family_sharing_consent_required; bước 6: 200 với đúng mã C; DB chỉ 1 dòng link_codes | G44: Đúng như mong đợi: mã ở bước 6 trùng bước 2, 1 dòng link_codes | H44: Pass | I44: AC32 (3.13) · QD-04 · Chuyển trạng thái (consent đồng ý → rút → đồng ý) · test_after_consent_returns_same_code__AC32
G47: Pass | H47: =COUNTIF(H9:H44,"Pass")
G48: Fail | H48: =COUNTIF(H9:H44,"Fail")
G49: Pending | H49: =COUNTIF(H9:H44,"Pending")
G50: Total | H50: =SUM(H47:H49)

Sheet Chọn thuốc danh mục
A1: Project Name | B1: DrugTime
A2: Module Name | B2: Tìm và chọn thuốc khi nhập thuốc (MEDPICK)
A3: Created By | B3: phucnguyenngoc
A4: Creation Date | B4: 46322
A5: Reviewed By
A6: Reviewed Date
K7: Equivalence Partitioning | Q7: Kết quả tìm kiếm hiện hành
A8: Test Case ID | B8: Description | C8: Precondition | D8: Test Steps | E8: Test Data | F8: Expected Result | G8: Actual Result | H8: Status | I8: Comments(if any) | K8: Field | L8: Valid | M8: Num | N8: Invalid | O8: Num | Q8: Rule | R8: R1 | S8: R2 | T8: R3 | U8: R4
A9: TC-MEDPICK-01 | B9: Mở sheet chọn thuốc từ form thêm | C9: Đăng nhập Mobile; mở Danh sách thuốc → Thêm thuốc → trường Thuốc. Dữ liệu/hạ tầng theo Test Data; test tự động dùng fixture riêng. | D9: 1. Chạm trường Thuốc. 2. Nhập amlo; chọn Amlodipin 5mg. 3. Sau khi chạm thuốc, kiểm tra vùng Thông tin thuốc đã chọn; bấm Xác nhận thuốc để trả về form. 4. Quan sát form và số lần gọi add. | E9: Thuốc: chưa chọn | F9: Sheet mở; thuốc trở về form, không mở tra cứu/chi tiết và chưa tự lưu. Chạm dòng chỉ chọn; chỉ Xác nhận thuốc mới đóng sheet và trả lựa chọn. | G9: Chạy lại 2026-10-27: assertion tương ứng đạt trong medication 172/172; evidence/test-medication.log. Nguồn là fake/widget, không phải API/DB thật. | H9: Pass | I9: Task 3.05: AC1, AC5 · Chuyển trạng thái form → sheet → form · 3.05: hủy/chọn lại giữ dữ liệu sử dụng, chưa tự lưu và đúng catalog id · Task 4.16: hồi quy · evidence/test-medication.log | K9: q | L9: 1–100 Unicode code point sau trim | M9: 1 | N9: (blank) hoặc toàn khoảng trắng Trên 100 Unicode code point | O9: 3 4 | Q9: Kết quả | R9: Có item | S9: Items rỗng | T9: Lỗi mạng/validation/server | U9: 401
A10: TC-MEDPICK-02 | B10: Giữ hướng dẫn khi từ khóa rỗng | C10: Đăng nhập Mobile; mở Danh sách thuốc → Thêm thuốc → trường Thuốc. Dữ liệu/hạ tầng theo Test Data; test tự động dùng fixture riêng. | D10: 1. Mở sheet; không nhập. 2. Chờ trên 300ms. | E10: (blank), độ dài 0 | F10: Hiện Nhập tên thuốc hoặc hoạt chất; không gọi tìm kiếm. | G10: Chạy lại 2026-10-27: assertion tương ứng đạt trong medication 172/172; evidence/test-medication.log. Nguồn là fake/widget, không phải API/DB thật. | H10: Pass | I10: Task 3.05: AC2 · EP (3); BVA (min-1=0) · sheet danh mục: chưa gõ thì gợi ý, không tìm · Task 4.16: hồi quy · evidence/test-medication.log | K10: item | L10: Có trường nullable, giữ đúng id | M10: 2 | Q10: Action | R10: R1 | S10: R2 | T10: R3 | U10: R4
A11: TC-MEDPICK-03 | B11: Bỏ qua từ khóa toàn khoảng trắng | C11: Đăng nhập Mobile; mở Danh sách thuốc → Thêm thuốc → trường Thuốc. Dữ liệu/hạ tầng theo Test Data; test tự động dùng fixture riêng. | D11: 1. Nhập ba dấu cách. 2. Chờ 400ms; kiểm tra số request. | E11: q=" " | F11: Không gọi API; không giữ kết quả cũ. | G11: Chạy lại 2026-10-27: assertion tương ứng đạt trong medication 172/172; evidence/test-medication.log. Nguồn là fake/widget, không phải API/DB thật. | H11: Pass | I11: Task 3.05: AC2 · EP (3) · empty whitespace, debounce 299/300ms and trimmed final query · Task 4.16: hồi quy · evidence/test-medication.log | K11: response | N11: Lỗi mạng/HTTP, không được coi là thành công | O11: 5 | Q11: Hiện kết quả và cho chọn | R11: X
A12: TC-MEDPICK-04 | B12: Trim từ khóa một ký tự và chờ debounce | C12: Đăng nhập Mobile; mở Danh sách thuốc → Thêm thuốc → trường Thuốc. Dữ liệu/hạ tầng theo Test Data; test tự động dùng fixture riêng. | D12: 1. Nhập A có khoảng trắng hai đầu. 2. Chờ 299ms rồi đổi sang B có khoảng trắng. 3. Chờ 299ms rồi thêm 1ms. | E12: q=" A ", sau đó " B "; 299ms + 1ms | F12: Không gọi trước 300ms; chỉ gửi B đã trim. | G12: Chạy lại 2026-10-27: assertion tương ứng đạt trong medication 172/172; evidence/test-medication.log. Nguồn là fake/widget, không phải API/DB thật. | H12: Pass | I12: Task 3.05: AC3 · EP (1); BVA (min=1) · empty whitespace, debounce 299/300ms and trimmed final query · Task 4.16: hồi quy · evidence/test-medication.log | Q12: Hiện không tìm thấy | S12: X
A13: TC-MEDPICK-05 | B13: Giữ thứ tự kết quả server | C13: Đăng nhập Mobile; mở Danh sách thuốc → Thêm thuốc → trường Thuốc. Dữ liệu/hạ tầng theo Test Data; test tự động dùng fixture riêng. | D13: 1. Tìm B. 2. Server trả second trước first. 3. Quan sát thứ tự trên sheet. | E13: items: second, first | F13: second nằm trước first; client không tự sắp xếp. | G13: Chạy lại 2026-10-27: assertion tương ứng đạt trong medication 172/172; evidence/test-medication.log. Nguồn là fake/widget, không phải API/DB thật. | H13: Pass | I13: Task 3.05: AC3 · EP (1) · empty whitespace, debounce 299/300ms and trimmed final query · Task 4.16: hồi quy · evidence/test-medication.log | Q13: Hiện lỗi, cho retry | T13: X
A14: TC-MEDPICK-06 | B14: Xóa từ khóa và bỏ response còn chờ | C14: Đăng nhập Mobile; mở Danh sách thuốc → Thêm thuốc → trường Thuốc. Dữ liệu/hạ tầng theo Test Data; test tự động dùng fixture riêng. | D14: 1. Tìm A. 2. Xóa từ khóa trước khi response về. 3. Cho response A về. | E14: q=A → (blank); response A về sau | F14: Kết quả A không xuất hiện; trở về hướng dẫn. | G14: Chạy lại 2026-10-27: assertion tương ứng đạt trong medication 172/172; evidence/test-medication.log. Nguồn là fake/widget, không phải API/DB thật. | H14: Pass | I14: Task 3.05: AC2, AC9 · Chuyển trạng thái loading → initial · clear invalidates request and dispose cancels timer or ignores response · Task 4.16: hồi quy · evidence/test-medication.log | Q14: Xử lý phiên chung, không retry tìm | U14: X
A15: TC-MEDPICK-07 | B15: Chỉ nhận response mới nhất trong A → B → A | C15: Đăng nhập Mobile; mở Danh sách thuốc → Thêm thuốc → trường Thuốc. Dữ liệu/hạ tầng theo Test Data; test tự động dùng fixture riêng. | D15: 1. Tìm A, B, A theo thứ tự. 2. Trả latest cho A2 rồi stale cho A1 và lỗi mạng cho B. 3. Quan sát kết quả và lỗi. | E15: Request A1, B, A2; response A2, A1, lỗi B | F15: Chỉ latest hiển thị, không xuất hiện stale hoặc Chưa tìm được. | G15: Chạy lại 2026-10-27: assertion tương ứng đạt trong medication 172/172; evidence/test-medication.log. Nguồn là fake/widget, không phải API/DB thật. | H15: Pass | I15: Task 3.05: AC9 · Đoán lỗi response sai thứ tự · A B A: only current generation can update, including stale error · Task 4.16: hồi quy · evidence/test-medication.log
A16: TC-MEDPICK-08 | B16: Đóng sheet khi còn timer và request | C16: Đăng nhập Mobile; mở Danh sách thuốc → Thêm thuốc → trường Thuốc. Dữ liệu/hạ tầng theo Test Data; test tự động dùng fixture riêng. | D16: 1. Tìm A rồi xóa. 2. Tìm B rồi nhập C chưa đủ debounce. 3. Đóng sheet; trả lỗi B. | E16: A đang chờ; B gửi; C đang debounce | F16: Timer C không gửi; không exception cập nhật widget đã dispose. | G16: Chạy lại 2026-10-27: assertion tương ứng đạt trong medication 172/172; evidence/test-medication.log. Nguồn là fake/widget, không phải API/DB thật. | H16: Pass | I16: Task 3.05: AC9 · Chuyển trạng thái sheet → disposed · clear invalidates request and dispose cancels timer or ignores response · Task 4.16: hồi quy · evidence/test-medication.log
A17: TC-MEDPICK-09 | B17: Chấp nhận 99 ký tự sau trim | C17: Đăng nhập Mobile; mở Danh sách thuốc → Thêm thuốc → trường Thuốc. Dữ liệu/hạ tầng theo Test Data; test tự động dùng fixture riêng. | D17: 1. Nhập chuỗi a dài 99 ký tự. 2. Chờ 300ms; kiểm tra request. | E17: q=a*99 | F17: Gửi q 99 ký tự; không báo quá dài. | G17: Chạy lại 2026-10-27: assertion tương ứng đạt trong medication 172/172; evidence/test-medication.log. Nguồn là fake/widget, không phải API/DB thật. | H17: Pass | I17: Task 3.05: AC10 · EP (1) · BVA (max-1=99) · scratch/catalog_boundary_test.dart; Flutter drive Android · Task 4.16: hồi quy · evidence/test-medication.log | Q17: Cho phép xác nhận (4.16)
A18: TC-MEDPICK-10 | B18: Chấp nhận 100 ký tự tiếng Việt sau trim | C18: Đăng nhập Mobile; mở Danh sách thuốc → Thêm thuốc → trường Thuốc. Dữ liệu/hạ tầng theo Test Data; test tự động dùng fixture riêng. | D18: 1. Nhập 100 ký tự á có khoảng trắng hai đầu. 2. Chờ 300ms; kiểm tra request. | E18: q=" "+á*100+" " | F18: Gửi đúng 100 ký tự á sau trim. | G18: Chạy lại 2026-10-27: assertion tương ứng đạt trong medication 172/172; evidence/test-medication.log. Nguồn là fake/widget, không phải API/DB thật. | H18: Pass | I18: Task 3.05: AC10 · EP (1); BVA (max=100) · trimmed Unicode limit 100 allowed, 101 blocked: á · Task 4.16: hồi quy · evidence/test-medication.log | Q18: Rule | R18: R1 | S18: R2 | T18: R3 | U18: R4
A19: TC-MEDPICK-11 | B19: Chặn 101 ký tự tiếng Việt và khôi phục query hợp lệ | C19: Đăng nhập Mobile; mở Danh sách thuốc → Thêm thuốc → trường Thuốc. Dữ liệu/hạ tầng theo Test Data; test tự động dùng fixture riêng. | D19: 1. Gửi query 100 ký tự rồi nhập 101 ký tự. 2. Trả response cũ. 3. Đổi sang valid và trả items rỗng. | E19: á*100 → á*101 → valid | F19: Không gửi query 101; bỏ response cũ; hiện Nhập tối đa 100 ký tự sau khi bỏ khoảng trắng đầu và cuối.; query valid tìm lại được. | G19: Chạy lại 2026-10-27: assertion tương ứng đạt trong medication 172/172; evidence/test-medication.log. Nguồn là fake/widget, không phải API/DB thật. | H19: Pass | I19: Task 3.05: AC9, AC10 · EP (4); BVA (max+1=101) · trimmed Unicode limit 100 allowed, 101 blocked: á · Task 4.16: hồi quy · evidence/test-medication.log | Q19: Có ứng viên? | R19: No | S19: Yes | T19: Yes | U19: Yes
A20: TC-MEDPICK-12 | B20: Đếm Unicode ngoài BMP theo code point | C20: Đăng nhập Mobile; mở Danh sách thuốc → Thêm thuốc → trường Thuốc. Dữ liệu/hạ tầng theo Test Data; test tự động dùng fixture riêng. | D20: 1. Nhập 100 emoji rồi 101 emoji. 2. Quan sát số lần gọi tìm kiếm và thông báo. | E20: 😀*100, 😀*101 | F20: 100 code point được gửi, 101 bị chặn, không đếm thành 200 UTF-16 unit. | G20: Chạy lại 2026-10-27: assertion tương ứng đạt trong medication 172/172; evidence/test-medication.log. Nguồn là fake/widget, không phải API/DB thật. | H20: Pass | I20: Task 3.05: AC10 · EP (1,4); BVA (max=100,max+1=101) · trimmed Unicode limit 100 allowed, 101 blocked: 😀 · Task 4.16: hồi quy · evidence/test-medication.log | Q20: Đã chọn mục thuộc danh sách hiện tại? | R20: No | S20: No | T20: Yes | U20: No sau thay dữ liệu
A21: TC-MEDPICK-13 | B21: Hiện không tìm thấy khi API trả items rỗng | C21: Đăng nhập Mobile; mở Danh sách thuốc → Thêm thuốc → trường Thuốc. Dữ liệu/hạ tầng theo Test Data; test tự động dùng fixture riêng. | D21: 1. Tìm valid. 2. Server trả danh sách rỗng. 3. Quan sát sheet. | E21: q=valid; items=[] | F21: Hiện Không tìm thấy thuốc phù hợp và gợi ý đổi từ khóa; không tự tạo thuốc. | G21: Chạy lại 2026-10-27: assertion tương ứng đạt trong medication 172/172; evidence/test-medication.log. Nguồn là fake/widget, không phải API/DB thật. | H21: Pass | I21: Task 3.05: AC7 · Decision Table (R2) · network retry uses current query once and clears old error · Task 4.16: hồi quy · evidence/test-medication.log | Q21: Action | R21: R1 | S21: R2 | T21: R3 | U21: R4
A22: TC-MEDPICK-14 | B22: Thử lại lỗi mạng đúng query hiện tại | C22: Đăng nhập Mobile; mở Danh sách thuốc → Thêm thuốc → trường Thuốc. Dữ liệu/hạ tầng theo Test Data; test tự động dùng fixture riêng. | D22: 1. Nhập A; mô phỏng mất mạng. 2. Bấm Thử lại liên tục hai lần. 3. Cho lần retry trả latest. | E22: q=" A "; lần đầu lỗi mạng, lần sau latest | F22: Hiện Chưa tìm được; chỉ một retry với A đã trim; lỗi được xóa khi tải. | G22: Chạy lại 2026-10-27: assertion tương ứng đạt trong medication 172/172; evidence/test-medication.log. Nguồn là fake/widget, không phải API/DB thật. | H22: Pass | I22: Task 3.05: AC8 · EP (5); Decision Table (R3) · network retry uses current query once and clears old error · Task 4.16: hồi quy · evidence/test-medication.log | Q22: Chỉ cho tìm lại/hủy | R22: X
A23: TC-MEDPICK-15 | B23: Phân biệt lỗi HTTP 422 với kết quả rỗng | C23: Đăng nhập Mobile; mở Danh sách thuốc → Thêm thuốc → trường Thuốc. Dữ liệu/hạ tầng theo Test Data; test tự động dùng fixture riêng. | D23: 1. Nhập A. 2. Trả lỗi validation 422. 3. Quan sát lỗi và khả năng retry. | E23: GET /catalog/medications; HTTP 422 | F23: Hiện Chưa tìm được; không hiển thị như tìm thành công không có kết quả. | G23: Chạy lại 2026-10-27: assertion tương ứng đạt trong medication 172/172; evidence/test-medication.log. Nguồn là fake/widget, không phải API/DB thật. | H23: Pass | I23: Task 3.05: AC10 · EP (5); Decision Table (R3) · failure MedicationFailureKind.validation is not empty success · Task 4.16: hồi quy · evidence/test-medication.log | Q23: Không cho xác nhận | S23: X | U23: X
A24: TC-MEDPICK-16 | B24: Xử lý 401 theo cơ chế phiên chung | C24: Đăng nhập Mobile; mở Danh sách thuốc → Thêm thuốc → trường Thuốc. Dữ liệu/hạ tầng theo Test Data; test tự động dùng fixture riêng. | D24: 1. Tìm A với phiên không hợp lệ. 2. Trả 401; kiểm callback phiên và lỗi repository. 3. Quan sát sheet. | E24: HTTP 401; refresh thất bại | F24: Callback onUnauthorized được gọi; ném unauthorized; sheet không báo kết quả rỗng hoặc cho retry tìm kiếm. | G24: Chạy lại 2026-10-27: assertion tương ứng đạt trong medication 172/172; evidence/test-medication.log. Nguồn là fake/widget, không phải API/DB thật. | H24: Pass | I24: Task 3.05: AC11 · EP (5); Decision Table (R4) · 3.05 search 401 throws failure rather than empty success; failure MedicationFailureKind.unauthorized is not empty success · Task 4.16: hồi quy · evidence/test-medication.log | Q24: Cho xác nhận đúng một lần | T24: X
A25: TC-MEDPICK-17 | B25: Giữ lỗi timeout và lỗi server | C25: Đăng nhập Mobile; mở Danh sách thuốc → Thêm thuốc → trường Thuốc. Dữ liệu/hạ tầng theo Test Data; test tự động dùng fixture riêng. | D25: 1. Gọi searchCatalog với mỗi status đã nêu. 2. Quan sát kết quả repository. | E25: HTTP 408, 500, 503 | F25: Ném failure tương ứng; không chuyển thành danh sách rỗng thành công. | G25: Chạy lại 2026-10-27: assertion tương ứng đạt trong medication 172/172; evidence/test-medication.log. Nguồn là fake/widget, không phải API/DB thật. | H25: Pass | I25: Task 3.05: AC8 · EP (5); Decision Table (R3) · 3.05 search 408/500/503 throws failure rather than empty success · Task 4.16: hồi quy · evidence/test-medication.log
A26: TC-MEDPICK-18 | B26: Giữ lỗi socket khi mất kết nối | C26: Đăng nhập Mobile; mở Danh sách thuốc → Thêm thuốc → trường Thuốc. Dữ liệu/hạ tầng theo Test Data; test tự động dùng fixture riêng. | D26: 1. Gọi searchCatalog khi server không nhận kết nối. 2. Kiểm tra lỗi trả về. | E26: Ngắt kết nối server cục bộ | F26: Ném lỗi network thay vì trả items rỗng. | G26: Chạy lại 2026-10-27: assertion tương ứng đạt trong medication 172/172; evidence/test-medication.log. Nguồn là fake/widget, không phải API/DB thật. | H26: Pass | I26: Task 3.05: AC8 · EP (5) · 3.05 search socket failure is network error · Task 4.16: hồi quy · evidence/test-medication.log
A27: TC-MEDPICK-19 | B27: Hiện thông tin nhận diện và không suy diễn trường thiếu | C27: Đăng nhập Mobile; mở Danh sách thuốc → Thêm thuốc → trường Thuốc. Dữ liệu/hạ tầng theo Test Data; test tự động dùng fixture riêng. | D27: 1. Tìm A và trả hai item. 2. Quan sát tên, 5 mg và các trường thiếu. | E27: Hai thuốc Cùng tên: id=1 đủ thông tin, id=2 thiếu hoạt chất/hàm lượng/dạng | F27: Hiện hai dòng cùng tên; 5 mg chỉ ở item đủ thông tin; không hiện null; có Chưa có thông tin hoạt chất. | G27: Chạy lại 2026-10-27: assertion tương ứng đạt trong medication 172/172; evidence/test-medication.log. Nguồn là fake/widget, không phải API/DB thật. | H27: Pass | I27: Task 3.05: AC5, AC6 · EP (2); Decision Table (R1) · strength, missing fields and same name distinct ids keep original item · Task 4.16: hồi quy · evidence/test-medication.log
A28: TC-MEDPICK-20 | B28: Chọn đúng item khi hai thuốc cùng tên | C28: Đăng nhập Mobile; mở Danh sách thuốc → Thêm thuốc → trường Thuốc. Dữ liệu/hạ tầng theo Test Data; test tự động dùng fixture riêng. | D28: 1. Tìm Cùng. 2. Chọn dòng thứ hai. 3. Sau khi chạm thuốc, kiểm tra vùng Thông tin thuốc đã chọn; bấm Xác nhận thuốc để trả về form. 4. Quan sát form trước Lưu. | E28: Cùng tên: id=1, id=200; chọn item thứ hai nullable | F28: Form nhận nguyên item id=200; hàm lượng trống, không tự điền y khoa, không tự lưu. Chạm dòng chỉ chọn; chỉ Xác nhận thuốc mới đóng sheet và trả lựa chọn. | G28: Chạy lại 2026-10-27: assertion tương ứng đạt trong medication 172/172; evidence/test-medication.log. Nguồn là fake/widget, không phải API/DB thật. | H28: Pass | I28: Task 3.05: AC5, AC6 · EP (2) · 3.05: chọn đúng item cùng tên, thiếu thông tin giữ trường trống không tự lưu · Task 4.16: hồi quy · evidence/test-medication.log
A29: TC-MEDPICK-21 | B29: Giữ thông tin sử dụng khi hủy rồi chọn lại | C29: Đăng nhập Mobile; mở Danh sách thuốc → Thêm thuốc → trường Thuốc. Dữ liệu/hạ tầng theo Test Data; test tự động dùng fixture riêng. | D29: 1. Chọn Amlodipin; tăng liều thành 2 và chọn 3 lần/ngày. 2. Mở sheet rồi hủy; mở lại và chọn Losartan. 3. Sau khi chạm thuốc, kiểm tra vùng Thông tin thuốc đã chọn; bấm Xác nhận thuốc để trả về form. 4. Kiểm dữ liệu còn giữ, sau đó Lưu để kiểm payload. | E29: Amlodipin 5mg → Losartan 50mg; liều 2; 3 lần/ngày | F29: Hủy giữ thuốc cũ; chọn lại đổi catalog id; giữ liều/tần suất/giờ mặc định đã chọn; chưa add trước Lưu. Chạm dòng chỉ chọn; chỉ Xác nhận thuốc mới đóng sheet và trả lựa chọn. | G29: Chạy lại 2026-10-27: assertion tương ứng đạt trong medication 172/172; evidence/test-medication.log. Nguồn là fake/widget, không phải API/DB thật. | H29: Pass | I29: Task 3.05: AC12, AC5 · Chuyển trạng thái chọn → hủy → chọn lại · 3.05: hủy/chọn lại giữ dữ liệu sử dụng, chưa tự lưu và đúng catalog id · Task 4.16: hồi quy · evidence/test-medication.log
A30: TC-MEDPICK-22 | B30: Cho phép chọn thuốc đang dùng và giữ cảnh báo | C30: Đăng nhập Mobile; mở Danh sách thuốc → Thêm thuốc → trường Thuốc. Dữ liệu/hạ tầng theo Test Data; test tự động dùng fixture riêng. | D30: 1. Tìm losartan. 2. Quan sát nhãn Đang dùng và chọn. 3. Sau khi chạm thuốc, kiểm tra vùng Thông tin thuốc đã chọn; bấm Xác nhận thuốc để trả về form. 4. Quan sát form. | E30: Losartan 50mg đã có trong danh sách | F30: Giữ nhãn Đang dùng và cảnh báo đã có trong danh sách đang dùng; vẫn chọn được. Chạm dòng chỉ chọn; chỉ Xác nhận thuốc mới đóng sheet và trả lựa chọn. | G30: Chạy lại 2026-10-27: assertion tương ứng đạt trong medication 172/172; evidence/test-medication.log. Nguồn là fake/widget, không phải API/DB thật. | H30: Pass | I30: Task 3.05: AC13 · Decision Table (R1) · 3.05: hủy/chọn lại giữ dữ liệu sử dụng, chưa tự lưu và đúng catalog id · Task 4.16: hồi quy · evidence/test-medication.log
A31: TC-MEDPICK-23 | B31: Gọi đúng GET và giữ id/nullable/thứ tự | C31: Đăng nhập Mobile; mở Danh sách thuốc → Thêm thuốc → trường Thuốc. Dữ liệu/hạ tầng theo Test Data; test tự động dùng fixture riêng. | D31: 1. Gọi RemoteMedicationRepository.searchCatalog. 2. Kiểm method/path/q và item mapper. | E31: q có khoảng trắng; hai item khác id, trường nullable | F31: GET /catalog/medications với q trim; giữ thứ tự và id; nullable không tạo dữ liệu giả. | G31: Chạy lại 2026-10-27: assertion tương ứng đạt trong medication 172/172; evidence/test-medication.log. Nguồn là fake/widget, không phải API/DB thật. | H31: Pass | I31: Task 3.05: AC3, AC5, AC6 · EP (1,2) · 3.05 search GET trim, server order, nullable and exact ids · Task 4.16: hồi quy · evidence/test-medication.log
A32: TC-MEDPICK-24 | B32: Cuộn trạng thái ở màn nhỏ có bàn phím | C32: Đăng nhập Mobile; mở Danh sách thuốc → Thêm thuốc → trường Thuốc. Dữ liệu/hạ tầng theo Test Data; test tự động dùng fixture riêng. | D32: 1. Mở sheet ở cấu hình đã nêu. 2. Cho lỗi mạng, cuộn tới Thử lại và bấm. 3. Trả rỗng rồi kết quả; cuộn tới kết quả. | E32: Widget 320×640; scale 1.5; keyboard inset 250 | F32: Không exception layout; retry chạm được và kết quả cuộn được. Chỉ là kiểm tra widget hỗ trợ AC14. | G32: Chạy lại 2026-10-27: assertion tương ứng đạt trong medication 172/172; evidence/test-medication.log. Nguồn là fake/widget, không phải API/DB thật. | H32: Pass | I32: Task 3.05: AC14 · Đoán lỗi layout · small screen large text with keyboard: states scroll and retry remains reachable · Task 4.16: hồi quy · evidence/test-medication.log
A33: TC-MEDPICK-25 | B33: Tìm tên/hoạt chất có dấu, không dấu và khác hoa thường trên DB thật | C33: Đăng nhập Mobile; mở Danh sách thuốc → Thêm thuốc → trường Thuốc. Dữ liệu/hạ tầng theo Test Data; test tự động dùng fixture riêng. | D33: 1. Reset Supabase local, không dùng DB deploy. 2. Chạy pytest tests/integration/test_catalog_search.py -q -ra. 3. Kiểm test_unaccented_and_case_insensitive__AC5c và response. | E33: Thuốc ho Bảo Thanh <tag>; Đồng sulfat <tag>; các query thuoc ho bao thanh, THUỐC HO BẢO THANH, dong sulfat, ĐỒNG SULFAT | F33: HTTP 200; cùng thuốc phù hợp cho các biến thể dấu và hoa thường. | G33: 2026-10-28: Pass với PostgreSQL Supabase local sau reset. Tên/hoạt chất có dấu, không dấu và hoa thường trả HTTP 200, đúng thuốc qua cả /catalog/medications và /medications/search. Suite catalog: 43 pass, 0 fail, 0 skip (9.86s). | H33: Pass | I33: Task 3.05: AC4 · EP (1); tích hợp DB thật · pytest tests/integration/test_catalog_search.py · Đã chạy lại 2026-10-28: evidence/test-pending-catalog-search-rerun.log
A34: TC-MEDPICK-26 | B34: Loại thuốc đã gỡ và kiểm limit/thứ tự ở API thật | C34: Đăng nhập Mobile; mở Danh sách thuốc → Thêm thuốc → trường Thuốc. Dữ liệu/hạ tầng theo Test Data; test tự động dùng fixture riêng. | D34: 1. Chuẩn bị fixture trong test_catalog_search.py. 2. Chạy test_matches_name_and_ingredient_excludes_deleted_respects_limit__AC5 và test_prefix_first_then_name_order__AC5. | E34: Metformin <tag>, Glucophage <tag>; một thuốc deleted_at khác null; limit=1 | F34: Chỉ thuốc chưa gỡ, đúng schema; limit 1; tiền tố tên được ưu tiên, sau đó thứ tự tên. | G34: 2026-10-28: Pass trên DB local thật: loại thuốc deleted_at khác null; đúng 5 trường schema; limit=1; ưu tiên tiền tố tên rồi thứ tự tên. Các test tương ứng pass cho cả hai route; suite 43 pass. | H34: Pass | I34: Task 3.05: AC4 · EP (1); tích hợp DB thật · pytest tests/integration/test_catalog_search.py · Đã chạy lại 2026-10-28: evidence/test-pending-catalog-search-rerun.log
A35: TC-MEDPICK-27 | B35: Chọn thuốc từ Mobile nối Backend API thật | C35: Đăng nhập Mobile; mở Danh sách thuốc → Thêm thuốc → trường Thuốc. Dữ liệu/hạ tầng theo Test Data; test tự động dùng fixture riêng. | D35: 1. Chạy app với DRUGTIME_API_BASE_URL trỏ Backend local; đăng nhập tài khoản test. 2. Mở Thêm thuốc → Thuốc; tìm tên/hoạt chất có dấu, không dấu, hoa thường. 3. Sau khi chạm thuốc, kiểm tra vùng Thông tin thuốc đã chọn; bấm Xác nhận thuốc để trả về form. 4. Chọn item; đối chiếu id trong phản hồi API và form; không bấm Lưu. | E35: Danh mục local có tên/hoạt chất có dấu và một thuốc đã gỡ; tài khoản test | F35: Chọn đúng item/id; không thấy thuốc gỡ; tìm/chọn chưa tạo thuốc cá nhân. Chạm dòng chỉ chọn; chỉ Xác nhận thuốc mới đóng sheet và trả lựa chọn. | G35: 2026-10-28: Pass trên LM G710 Android 13/font1.0 với Backend API và PostgreSQL local thật. Cả 5 query có dấu/không dấu/hoa thường/tên/hoạt chất trả đúng id=153, loại id đã gỡ=154. Chạm chỉ chọn, form giữ nguyên đến Xác nhận thuốc; ID/tên/hoạt chất/hàm lượng/dạng bào chế khớp. add_calls=0; DB meds/schedules/prescriptions giữ 0/0/0. | H35: Pass | I35: Task 3.05: AC4, AC5 · Flutter drive thiết bị thật + Backend API thật + PostgreSQL local; session từ fixture, không test login · Đã chạy lại 2026-10-28; evidence/test-pending-device-response.json
A36: TC-MEDPICK-28 | B36: Đọc và chọn thuốc trên thiết bị với cỡ chữ lớn và bàn phím | C36: Đăng nhập Mobile; mở Danh sách thuốc → Thêm thuốc → trường Thuốc. Dữ liệu/hạ tầng theo Test Data; test tự động dùng fixture riêng. | D36: 1. Mở form và sheet; bật cỡ chữ lớn trong cấu hình thiết bị. 2. Kiểm hướng dẫn, loading, không kết quả, lỗi và retry. 3. Tìm thuốc, cuộn và chọn kết quả; kiểm form. 4. Sau khi chạm thuốc, kiểm tra vùng Thông tin thuốc đã chọn; bấm Xác nhận thuốc để trả về form. 5. Khôi phục cỡ chữ ban đầu sau test. | E36: Điện thoại LM G710 Android 13; cỡ chữ lớn; bàn phím mở | F36: Nội dung đọc/cuộn được; bàn phím không che thao tác; chọn trả đúng thuốc về form. Chạm dòng chỉ chọn; chỉ Xác nhận thuốc mới đóng sheet và trả lựa chọn. | G36: 2026-10-28: Fail trên LM G710 Android 13, viewport 360×616 dp, text scale 1.5; keyboard thật 325.5 dp. Hướng dẫn/loading/503 một lần/retry/no-result/query99 và chọn từ API/DB local đã chạy. Chạm item đã chọn, nhưng vùng xem lại chỉ 21.34 dp < một dòng metadata 35 dp. Không đủ đọc một dòng trước xác nhận; regression exit 1. Cấu hình thiết bị được khôi phục. | H36: Fail | I36: Task 3.05: AC14 · Flutter drive trên thiết bị thật + agent kiểm ảnh; thay thao tác tay bằng cùng luồng tự động, không giả lập viewInsets · 2026-10-28 Fail cùng lỗi layout BUG-MEDPICK-51 · evidence/test-pending-TC28-android-confirmed.log · Lỗi đã biết được người dùng chấp nhận, hoãn sửa (2026-10-28)
... A60: TC-MEDPICK-52 | B60: Đánh giá tiếng Việt, chạm/cuộn và TalkBack bằng tay | C60: Bản debug preview DrugTime; mở Thêm thuốc mới → Mẫu · Xem thử chọn và xác nhận thuốc. Test tự động dùng fixture/harness tương ứng, không ảnh OCR hoặc dữ liệu người bệnh thật. | D60: 1. Người kiểm mở app debug preview trên Android. 2. Đi hai nguồn/no-result→tìm lại, Back/Hủy; nhận xét phân biệt chọn với xác nhận. 3. Kiểm vùng chạm, cuộn, bàn phím và đọc TalkBack nếu sẵn có; ghi phần chưa kiểm. | E60: Thiết bị thật; bốn preset, chữ lớn, danh sách dài | F60: Câu chữ dễ hiểu, điều khiển truy cập được; ghi rõ kết quả TalkBack và cảm nhận thực tế. | G60: 2026-10-28: Người dùng kiểm trên LM G710 và xác nhận thao tác đạt; sau đó bổ sung nguyên văn: “talkback hoạt động bình thường”. TC-52 Pass gồm câu chữ/chọn/đổi/xem lại/xác nhận, hai nguồn/no-result→tìm lại, Back/Hủy, chạm/cuộn/bàn phím và TalkBack theo xác nhận người kiểm. Agent ghi nhận kết quả người dùng, không tự nhận đã thao tác TalkBack. Không đo riêng cấu hình màn/font trong lượt kiểm tay; không thay thế regression TC-28/51. | H60: Pass | I60: Task 4.16: AC11 · manual T21/T22 · Người dùng xác nhận thao tác và TalkBack đạt ngày 2026-10-28 · evidence/test-manual-selection.log
G63: Pass | H63: =COUNTIF(H9:H60,"Pass")
G64: Fail | H64: =COUNTIF(H9:H60,"Fail")
G65: Pending | H65: =COUNTIF(H9:H60,"Pending")
G66: Total | H66: =SUM(H63:H65)

Sheet Hồi quy xác nhận liều
A1: Project Name | B1: DrugTime
A2: Module Name | B2: Hồi quy xác nhận liều (REGDOSE)
A3: Created By | B3: phucnguyenngoc
A4: Creation Date | B4: 46308
A5: Reviewed By
A6: Reviewed Date
A8: Test Case ID | B8: Description | C8: Precondition | D8: Test Steps | E8: Test Data | F8: Expected Result | G8: Actual Result | H8: Status | I8: Comments(if any)
A9: TC-REGDOSE-01 | B9: Đối chiếu scheduled_at có giây khi xác nhận liều | C9: Supabase PostgreSQL local đã reset và migration hiện hành; fixture tạo patient/schedule/consent riêng và override identity.current_user cho patient. | D9: 1. Từ backend chạy .venv/Scripts/python.exe -m pytest tests/integration/test_dose_confirmation_api.py::test_post_doses_batch_creates_dose_log_for_authenticated_patient__AC1_AC10_AC18 -q -ra. 2. Fixture POST /doses/batch với danh sách một item ở Test Data. 3. Đối chiếu items[0].scheduled_at với kỳ vọng test hiện có. | E9: client_uuid: UUID mới; schedule_id: fixture; scheduled_at=2026-10-02T01:00:59.999Z; taken_at=2026-10-02T01:05:59.999Z | F9: Theo test hiện có: HTTP 200, synced, da_uong và scheduled_at=2026-10-02T01:00:00Z. | G9: HTTP 200, synced, da_uong; scheduled_at=2026-10-02T01:00:59.999000Z. Fail trong suite DB và lặp lại khi chạy riêng (1 failed trong 1.67s). | H9: Fail | I9: Ngoài AC task 3.05; AC1_AC10_AC18 của test backend hiện có · Đoán lỗi độ chính xác thời gian · test_post_doses_batch_creates_dose_log_for_authenticated_patient__AC1_AC10_AC18
G12: Pass | H12: =COUNTIF(H9:H9,"Pass")
G13: Fail | H13: =COUNTIF(H9:H9,"Fail")
G14: Pending | H14: =COUNTIF(H9:H9,"Pending")
G15: Total | H15: =SUM(H12:H14)

Sheet Landing page
A1: Project Name | B1: DrugTime
A2: Module Name | B2: Landing page (giao diện mới, iPhone 3D) (LANDING)
A3: Created By | B3: zannguyen
A4: Creation Date | B4: 46312
A5: Reviewed By
A6: Reviewed Date
K7: Equivalence Partitioning | Q7: Có tải iPhone 3D (shouldLoad3D)?
A8: Test Case ID | B8: Description | C8: Precondition | D8: Test Steps | E8: Test Data | F8: Expected Result | G8: Actual Result | H8: Status | I8: Comments(if any) | K8: Field | L8: Valid | M8: Num | N8: Invalid | O8: Num | Q8: Rule | R8: R1 | S8: R2 | T8: R3 | U8: R4
A9: TC-LANDING-01 | B9: Tải iPhone 3D trên desktop sau khi nội dung chính hiển thị | C9: Bản build production chạy ở http://localhost:3100; trình duyệt 1440×900, prefers-reduced-motion: no-preference | D9: 1. Mở / 2. Đợi hero xong (phone3d--ready) 3. Đọc thời điểm LCP và thời điểm request đầu tiên tới spline.design | E9: Viewport 1440×900 | F9: Request Spline bắt đầu sau LCP; phần tử LCP là ảnh tĩnh, không phải canvas | G9: LCP 1208 ms (IMG ảnh điện thoại), request Spline đầu tiên 1278 ms, trạng thái phone3d--ready | H9: Pass | I9: AC1 · EP (1,4,9) · Decision Table (R1) · acceptance.mjs · evidence/test-acceptance-gpu.log | K9: Độ rộng màn hình | L9: ≥ 1024 px (desktop: tải iPhone 3D, pin scroll-story) 768–1023 px (tablet: ảnh tĩnh, thẻ xếp dọc) < 768 px (mobile: ảnh tĩnh, hàng icon dưới điện thoại) | M9: 1 2 3 | Q9: Rộng ≥ 1024 px? | R9: Yes | S9: No | T9: Yes | U9: Yes
A10: TC-LANDING-02 | B10: Kiểm không nhảy layout khi scene 3D crossfade lên ảnh tĩnh | C10: Như TC-LANDING-01 | D10: 1. Mở / 2. Đợi scene sẵn sàng + 4 s 3. Đọc tổng layout-shift (CLS) | E10: Viewport 1440×900 | F10: CLS < 0.1 | G10: CLS = 0 | H10: Pass | I10: AC1 · acceptance.mjs · evidence/test-acceptance-gpu.log | K10: prefers-reduced-motion | L10: no-preference (đủ hiệu ứng) reduce (không animation, nội dung ở trạng thái cuối) | M10: 4 5 | Q10: prefers-reduced-motion: reduce? | R10: No | S10: - | T10: Yes | U10: No
A11: TC-LANDING-03 | B11: Mở trang trên mobile 375 px | C11: Bản build production chạy | D11: 1. Đặt viewport 375×812 2. Mở / 3. Đếm request tới spline.design, kiểm cuộn ngang | E11: Viewport 375×812 | F11: Hero hiện ảnh tĩnh (phone3d--idle), 0 request spline.design, không có thanh cuộn ngang | G11: phone3d--idle, spline requests: 0, overflowX: false | H11: Pass | I11: AC2 · EP (3) · Decision Table (R2) · probe.mjs · evidence/test-probes.log | K11: Thiết bị trỏ | L11: Chuột (hover: hover, pointer: fine) Cảm ứng (hover: none) Bàn phím | M11: 6 7 8 | Q11: Data saver bật? | R11: No | S11: - | T11: - | U11: Yes
A12: TC-LANDING-04 | B12: Kiểm biên độ rộng 1023 / 1024 px cho việc tải 3D | C12: Bộ unit test landing | D12: 1. Chạy npm test trong frontend/landing 2. Xem các ca shouldLoad3D: biên 1023/1024, reduced motion, data saver | E12: width = 1023 / 1024; reducedMotion = true; saveData = true | F12: 1023 → không tải; 1024 → tải; reduce → không tải; data saver → không tải | G12: 18/18 test pass, gồm các ca biên 1023/1024, reduced motion, data saver | H12: Pass | I12: AC1, AC2, AC3 · BVA (max, max+1) · Decision Table (R2, R3, R4) · capabilities.test.ts · evidence/test-static.log | K12: Tài nguyên Spline | L12: Tải được | M12: 9 | N12: Bị chặn / lỗi mạng Quá 12 s chưa sẵn sàng | O12: 10 11 | Q12: Action | R12: R1 | S12: R2 | T12: R3 | U12: R4
A13: TC-LANDING-05 | B13: Mở trang trên tablet 768 px | C13: Bản build production chạy | D13: 1. Đặt viewport 768×1024 2. Mở / 3. Đếm request spline.design, kiểm cuộn ngang | E13: Viewport 768×1024 | F13: Ảnh tĩnh, 0 request spline.design, không cuộn ngang, scroll-story không pin | G13: phone3d--idle, spline requests: 0, overflowX: false, story không is-pinned | H13: Pass | I13: AC2 · EP (2) · probe.mjs · evidence/test-probes.log | Q13: Tải Spline sau LCP, crossfade lên ảnh tĩnh | R13: X
A14: TC-LANDING-06 | B14: Duyệt trang khi bật giảm chuyển động | C14: prefers-reduced-motion: reduce | D14: 1. Mở / ở 1440×900 2. Chụp toàn trang 3. Đếm phần tử data-reveal còn ẩn, kiểm pin và Spline | E14: prefers-reduced-motion: reduce | F14: Không pin / scrub / tải 3D; mọi nội dung hiện ở trạng thái cuối | G14: hiddenReveals 0/23, story không pin, phone3d--idle, 0 request Spline | H14: Pass | I14: AC3 · EP (5) · Decision Table (R3) · probe.mjs · evidence/test-probes.log | Q14: Giữ ảnh tĩnh, không request spline.design | S14: X | T14: X | U14: X
A15: TC-LANDING-07 | B15: Đếm số từ hiển thị trong main của trang chủ | C15: Bản build production; mốc 911 từ (giai đoạn plan) | D15: 1. Chạy count_words.py trên .next/server/app/index.html | E15: Ngưỡng ≤ 774 từ (giảm ≥ 15%) | F15: ≤ 774 từ | G15: 750 từ (giảm 17,7%) | H15: Pass | I15: AC4 · BVA (max) · evidence/test-static.log
A16: TC-LANDING-08 | B16: Cuộn qua section tính năng trên desktop | C16: 1440×900, no-preference | D16: 1. Cuộn tới #tinh-nang 2. Cuộn tiếp từng bước qua toàn bộ đoạn pin 3. Ghi chương đang hiện và chấm tiến độ ở mỗi bước | E16: 13 điểm cuộn đều trên đoạn pin | F16: Section được ghim; chương hiện lần lượt 1→4, chấm tiến độ khớp | G16: chapters [0,1,2,3], dots [0,1,2,3], pinned true | H16: Pass | I16: AC5 · acceptance.mjs · evidence/test-acceptance-gpu.log
A17: TC-LANDING-09 | B17: Kiểm giới hạn chữ của 4 chương tính năng | C17: Trang chủ đã tải | D17: 1. Đếm từ tiêu đề và mô tả từng chương | E17: Tiêu đề ≤ 6 từ, mô tả ≤ 20 từ | F17: Mọi chương trong giới hạn | G17: Tiêu đề 6/5/5/5 từ, mô tả 12/15/15/16 từ | H17: Pass | I17: AC5 · BVA (max) · acceptance.mjs · evidence/test-acceptance-gpu.log
A18: TC-LANDING-10 | B18: Kiểm nội dung bắt buộc vẫn có trên trang | C18: Trang chủ đã tải | D18: 1. Kiểm khối 'Lưu ý y khoa bắt buộc', link tel:115 2. Kiểm câu FAQ 'DrugTime có thay bác sĩ không?' trả lời 'Không.' 3. Kiểm 'Dược thư Quốc gia', '5948/QĐ-BYT', 4 FAQ, 2 nút store ở CTA, 3 link pháp lý, 5 anchor | E18: #tinh-nang, #cach-hoat-dong, #an-toan, #hoi-dap, #tai-app | F18: Đủ tất cả mục | G18: Đủ: medicalNote, tel115, notReplaceDoctor, duocThu, qd5948, faqCount 4, storeButtons 2, 3 link pháp lý, 5 anchor | H18: Pass | I18: AC6 · acceptance.mjs · evidence/test-acceptance-gpu.log
A19: TC-LANDING-11 | B19: Bấm link navbar từ trang con /terms | C19: Đang ở /terms | D19: 1. Bấm 'Cách hoạt động' trên navbar 2. Lặp lại với 'An toàn'; và 'Hỏi đáp' từ / | E19: /terms → /#cach-hoat-dong, /terms → /#an-toan, / → /#hoi-dap | F19: Chuyển về trang chủ, section nằm ngay dưới navbar | G19: URL đúng hash, section top = 96 px ở cả 3 lần | H19: Pass | I19: AC6 · acceptance.mjs · evidence/test-acceptance-gpu.log
A20: TC-LANDING-12 | B20: Chấm Lighthouse Accessibility desktop và mobile | C20: Bản build production; Lighthouse 12; --force-prefers-no-reduced-motion | D20: 1. Chạy lighthouse mobile (mặc định) 2. Chạy lighthouse --preset=desktop | E20: Ngưỡng ≥ 95 | F20: Accessibility ≥ 95 ở cả hai | G20: Mobile 100 (5 lần), desktop 100 | H20: Pass | I20: AC7 · evidence/test-lighthouse-summary.log
A21: TC-LANDING-13 | B21: Dùng Tab đi qua toàn bộ phần tử tương tác của trang chủ | C21: 1440×900, no-preference, chưa cuộn trang | D21: 1. Nhấn Tab 40 lần từ đầu trang 2. Ghi phần tử nhận focus 3. Kiểm cây truy cập trước khi cuộn | E21: Bàn phím | F21: Tab tới được mọi nút / link, gồm 5 thẻ tiện ích, 4 câu FAQ và link 'Cấp cứu 115'; nội dung có trong cây truy cập | G21: Tab lần lượt qua 5 thẻ tiện ích (17–21), link Cấp cứu 115 (22), thẻ liên hệ, 4 câu FAQ (24–27); 0 lần focus vào iframe/canvas. Trước khi cuộn: các khối có visibility: visible, opacity 0; cây truy cập có "Cấp cứu 115", "Lưu ý y khoa bắt buộc", câu FAQ 1. Focus link 115 → khối lưu ý opacity 0 → 1 (1440 và 390 px). Vòng 1 Fail (BUG-LANDING-13), đã sửa ở implement P22. | H21: Pass | I21: AC7 · Đoán lỗi (bàn phím, trình đọc màn hình) · taborder.mjs, hidden-a11y.mjs, focus-reveal.mjs · evidence/test-taborder.log, evidence/test-hidden-a11y.log
A22: TC-LANDING-14 | B22: Kiểm tương phản chữ trên trang | C22: Lighthouse accessibility | D22: 1. Đọc audit color-contrast | E22: Ngưỡng 4.5:1 | F22: Không phần tử nào dưới 4.5:1 | G22: Lighthouse không còn audit color-contrast lỗi (mobile 5 lần, desktop); nút mock dùng --color-safe-strong. Vòng 1 Fail 3,29:1 (BUG-LANDING-14), đã sửa. | H22: Pass | I22: AC7 · evidence/test-lighthouse-summary.log
A23: TC-LANDING-15 | B23: Kiểm tên truy cập của nút tải app khớp chữ hiển thị | C23: Lighthouse accessibility | D23: 1. Đọc audit label-content-name-mismatch | E23: 4 nút App Store / Google Play (hero + CTA) | F23: Tên truy cập chứa chữ hiển thị | G23: Lighthouse không còn audit label-content-name-mismatch; nút store không có aria-label, tên truy cập = chữ hiển thị. Vòng 1 Fail (BUG-LANDING-15), đã sửa. | H23: Pass | I23: AC7 · WCAG 2.5.3 · evidence/test-lighthouse-summary.log
A24: TC-LANDING-16 | B24: Kiểm canvas / iframe của Spline không nhận focus | C24: 1440×900, scene 3D đã sẵn sàng | D24: 1. Nhấn Tab 40 lần 2. Đếm lần focus rơi vào IFRAME hoặc CANVAS, đếm phần tử không có outline | E24: Bàn phím | F24: 0 lần focus vào iframe/canvas; phần tử được focus có outline ≥ 2 px | G24: iframe/canvas focused: 0; chỉ 1/40 không outline (BODY khi Tab vòng hết trang) | H24: Pass | I24: AC7 · taborder.mjs · evidence/test-taborder.log
A25: TC-LANDING-17 | B25: Chấm Lighthouse Performance mobile | C25: Bản build production; Lighthouse 12 mobile (giả lập 4G chậm, CPU chậm) | D25: 1. Chạy lighthouse mobile 5 lần 2. Lấy trung vị điểm Performance | E25: Ngưỡng ≥ 85 | F25: Performance ≥ 85 | G25: 86 / 71 / 92 / 93 / 91, trung vị 91; LCP ≈ 3,0–3,5 s; lần 71 có TBT 917 ms (dao động máy). Vòng 1 Fail trung vị 77 (BUG-LANDING-17), đã sửa: GSAP nạp động, favicon 10 KB. | H25: Pass | I25: AC8 · evidence/test-lighthouse-summary.log, evidence/test-lighthouse-mobile-run*.json
A26: TC-LANDING-18 | B26: Kiểm CLS và phần tử LCP trên mobile | C26: Lighthouse mobile | D26: 1. Đọc CLS và largest-contentful-paint-element | E26: CLS < 0.1 | F26: CLS < 0.1; LCP không phải canvas 3D | G26: CLS 0.005; LCP = img trong .iphone__screen (5 lần chạy mobile) | H26: Pass | I26: AC8 · evidence/test-lighthouse-details.log
... A40: TC-LANDING-32 | B40: Mở trang khi scene Spline treo quá 12 s | C40: 1440×900, no-preference; request scene.splinecode bị giữ 20 s | D40: 1. Mở / 2. Đợi trạng thái phone3d--loading 3. Đợi tới khi hết thời gian chờ | E40: Độ trễ scene 20 s (ngưỡng 12 s) | F40: Khoảng 12 s sau khi bắt đầu tải: chuyển phone3d--failed, gỡ canvas, ảnh tĩnh hiện đầy đủ | G40: failed sau 12 981 ms; canvas đã gỡ; ảnh tĩnh opacity 1 | H40: Pass | I40: AC10 · EP (11) · BVA (timeout) · timeout.mjs · evidence/test-spline-timeout.log
G43: Pass | H43: =COUNTIF(H9:H40,"Pass")
G44: Fail | H44: =COUNTIF(H9:H40,"Fail")
G45: Pending | H45: =COUNTIF(H9:H40,"Pending")
G46: Total | H46: =SUM(H43:H45)

Sheet Yêu cầu liên kết người thân
A1: Project Name | B1: DrugTime
A2: Module Name | B2: Gửi yêu cầu liên kết người thân (LINKREQ)
A3: Created By | B3: zannguyen
A4: Creation Date | B4: 46314
A5: Reviewed By
A6: Reviewed Date
K7: Equivalence Partitioning | Q7: Kết quả POST /family/link-requests (theo thứ tự kiểm)
A8: Test Case ID | B8: Description | C8: Precondition | D8: Test Steps | E8: Test Data | F8: Expected Result | G8: Actual Result | H8: Status | I8: Comments(if any) | K8: Field | L8: Valid | M8: Num | N8: Invalid | O8: Num | Q8: Rule | R8: R1 | S8: R2 | T8: R3 | U8: R4 | V8: R5 | W8: R6 | X8: R7 | Y8: R8 | Z8: R9 | AA8: R10 | AB8: R11
A9: TC-LINKREQ-01 | B9: Gửi yêu cầu liên kết bằng mã hợp lệ | C9: Người bệnh P đã đồng ý family_sharing và lấy mã C qua GET /family/link-code; người thân F (tài khoản cá nhân, không có consent nào) chưa có dòng với P | D9: 1. POST /family/link-requests với phiên của F, body {client_uuid, code} 2. Đọc caregiver_links của cặp (P, F) và link_codes của P 3. Người thân F2 khác gửi cùng mã C | E9: code = C; client_uuid = UUID mới | F9: 201; body đúng 3 field id, status = "pending", requested_at; không có id, tên, email của P; 1 dòng caregiver_links (P, F, pending, sharing_enabled = false); link_codes của P không đổi; F2 cũng nhận 201 | G9: 201, body 3 field, status pending; 1 dòng pending, sharing_enabled false; link_codes không đổi; F2 nhận 201 | H9: Pass | I9: AC1 · AC34 · QD-04 · QD-34 (b) · EP (1,2,4,6) · Decision Table (R11) · test_creates_pending_without_profile__AC1, test_creates_pending__AC1 | K9: Phiên gọi (header Authorization) | L9: Phiên mobile của tài khoản cá nhân | M9: 1 | N9: Không có header Token sai Phiên của tài khoản admin | O9: 7 8 9 | Q9: Tài khoản admin? | R9: Yes | S9: No | T9: No | U9: No | V9: No | W9: No | X9: No | Y9: No | Z9: No | AA9: No | AB9: No
A10: TC-LINKREQ-02 | B10: Yêu cầu đang chờ không cấp quyền xem dữ liệu sức khỏe | C10: Người bệnh P đã đồng ý family_sharing và lấy mã C qua GET /family/link-code; P có consent health_data; F vừa gửi yêu cầu (pending) | D10: 1. POST /family/link-requests với phiên của F, body {client_uuid, code} 2. F gọi GET /patients/{P}/schedules 3. Đọc access_logs của P | E10: patient_id = P | F10: 403 {"detail": "khong_co_quyen"}; access_logs có 1 dòng của F với result = denied | G10: 403 khong_co_quyen; 1 dòng access_logs (F, denied) | H10: Pass | I10: AC2 · QD-28 · Kịch bản chất lượng (truy cập chéo khi chưa có liên kết active) · test_pending_link_grants_no_access__AC2 | K10: Mã liên kết (code) | L10: 10 ký tự thuộc A–H J K M N P–Z 2–9 Có khoảng trắng hai đầu hoặc chữ thường, hợp lệ sau chuẩn hóa | M10: 2 3 | N10: Thiếu Không phải chuỗi Có O, I, L, 0, 1 9 ký tự 11 ký tự | O10: 10 11 12 13 14 | Q10: client_uuid đã thành công? | R10: - | S10: Yes | T10: No | U10: No | V10: No | W10: No | X10: No | Y10: No | Z10: No | AA10: No | AB10: No
A11: TC-LINKREQ-03 | B11: Gửi yêu cầu không có header Authorization | C11: Người bệnh P đã đồng ý family_sharing và lấy mã C qua GET /family/link-code | D11: 1. POST /family/link-requests không có header Authorization 2. Đếm caregiver_links của P và link_request_attempts | E11: (blank) | F11: 401; không có dòng caregiver_links hay lượt sai nào được tạo | G11: 401; không có dòng mới | H11: Pass | I11: AC3 · QD-34 (a) · EP (7) · test_unauthenticated_401__AC3[headers0] | K11: client_uuid | L11: UUID mới UUID của request đã thành công (gửi lại) | M11: 4 5 | N11: Thiếu Không phải UUID | O11: 15 16 | Q11: Đang bị khóa? | R11: - | S11: - | T11: Yes | U11: No | V11: No | W11: No | X11: No | Y11: No | Z11: No | AA11: No | AB11: No
A12: TC-LINKREQ-04 | B12: Gửi yêu cầu với token sai | C12: Người bệnh P đã đồng ý family_sharing và lấy mã C qua GET /family/link-code | D12: 1. POST /family/link-requests với Authorization: Bearer not-a-valid-token | E12: Bearer not-a-valid-token | F12: 401; không có dòng mới | G12: 401; không có dòng mới | H12: Pass | I12: AC3 · EP (8) · test_unauthenticated_401__AC3[headers1] | K12: Chủ mã | L12: Người khác, đang đồng ý family_sharing | M12: 6 | N12: Không có (mã không tồn tại) Chưa đồng ý hoặc đã rút family_sharing Chính người gọi | O12: 17 18 19 | Q12: Đủ 10 yêu cầu hôm nay? | R12: - | S12: - | T12: - | U12: Yes | V12: No | W12: No | X12: No | Y12: No | Z12: No | AA12: No | AB12: No
A13: TC-LINKREQ-05 | B13: Tài khoản admin bị từ chối gửi yêu cầu | C13: Người bệnh P đã đồng ý family_sharing và lấy mã C qua GET /family/link-code; tài khoản admin có phiên admin_web | D13: 1. POST /family/link-requests với phiên admin 2. Đọc caregiver_links và lượt sai của admin | E13: Phiên admin_web | F13: 403 {"detail": "khong_co_quyen"}; không tạo dòng, không ghi lượt sai | G13: 403 khong_co_quyen; không có dòng nào | H13: Pass | I13: AC16 · QD-44 · EP (9) · Decision Table (R1) · test_admin_403__AC16, test_admin_forbidden_before_queries__AC16 | K13: Body | N13: Có field lạ (ví dụ patient_user_id) | O13: 20 | Q13: Mã có chủ? | R13: - | S13: - | T13: - | U13: - | V13: No | W13: Yes | X13: Yes | Y13: Yes | Z13: Yes | AA13: Yes | AB13: Yes
A14: TC-LINKREQ-06 | B14: Gửi mã không thuộc ai | C14: Người thân F đăng nhập, chưa sai lần nào | D14: 1. POST /family/link-requests với phiên của F, body {client_uuid, code} 2. Đọc link_request_attempts của F | E14: code = mã ngẫu nhiên đúng định dạng, không có trong link_codes | F14: 404 {"detail": "link_code_not_found"} (body chỉ có detail); 1 dòng lượt sai của F với client_uuid của request; không tạo caregiver_links | G14: 404 link_code_not_found; 1 lượt sai đúng client_uuid; không có dòng liên kết | H14: Pass | I14: AC4 · EP (17) · Decision Table (R5) · test_unknown_code_404_counted__AC4 | Q14: Chủ mã là người gọi? | R14: - | S14: - | T14: - | U14: - | V14: - | W14: Yes | X14: No | Y14: No | Z14: No | AA14: No | AB14: No
A15: TC-LINKREQ-07 | B15: Lượt sai vẫn được lưu dù request trả lỗi | C15: Người thân F; app cố định giờ lúc T | D15: 1. POST /family/link-requests với phiên của F, body {client_uuid, code} với mã không tồn tại 2. Mở kết nối DB khác, đọc link_request_attempts của F | E15: T = 12:00 giờ VN hôm nay | F15: 404; kết nối khác thấy đúng 1 dòng (client_uuid, attempted_at = T, account_locked_until = NULL) dù transaction của request đã rollback | G15: Đúng 1 dòng (client_uuid, T, NULL) | H15: Pass | I15: AC12 · Đoán lỗi (rollback) · test_failure_persisted_after_rollback__AC12, test_record_failure_uses_own_unit_of_work__AC12 | Q15: Chủ mã đồng ý family_sharing? | R15: - | S15: - | T15: - | U15: - | V15: - | W15: - | X15: No | Y15: Yes | Z15: Yes | AA15: Yes | AB15: Yes
A16: TC-LINKREQ-08 | B16: Không gửi được bằng mã của chính mình | C16: Người bệnh P đã đồng ý family_sharing và lấy mã C qua GET /family/link-code | D16: 1. POST /family/link-requests với phiên của P và mã C của P | E16: code = C (mã của người gọi) | F16: 422 {"detail": "self_link_not_allowed"}; không tạo dòng, không tính lần sai | G16: 422 self_link_not_allowed; không có dòng nào | H16: Pass | I16: AC5 · EP (19) · Decision Table (R6) · test_self_code_422__AC5, test_self_code_422_not_counted__AC5 | Q16: Cặp đang mở? | R16: - | S16: - | T16: - | U16: - | V16: - | W16: - | X16: - | Y16: Pending | Z16: Active | AA16: No | AB16: No
A17: TC-LINKREQ-09 | B17: Từ chối khi cặp đã có yêu cầu đang chờ | C17: Người bệnh P đã đồng ý family_sharing và lấy mã C qua GET /family/link-code; cặp (P, F) đã có dòng pending | D17: 1. POST /family/link-requests với phiên của F, body {client_uuid, code} 2. Đọc caregiver_links của cặp và lượt sai của F | E17: code = C | F17: 409 {"detail": "link_request_pending"}; số dòng của cặp không đổi; không tính lần sai | G17: 409 link_request_pending; dòng không đổi; không có lượt sai | H17: Pass | I17: AC6 · QD-34 (f) · Decision Table (R8) · test_open_pair_409__AC6[pending-link_request_pending] | Q17: Đang bị chặn sau 5 lần từ chối? | R17: - | S17: - | T17: - | U17: - | V17: - | W17: - | X17: - | Y17: - | Z17: - | AA17: Yes | AB17: No
A18: TC-LINKREQ-10 | B18: Từ chối khi cặp đã liên kết (kể cả đã tắt chia sẻ) | C18: Người bệnh P đã đồng ý family_sharing và lấy mã C qua GET /family/link-code; cặp (P, F) có dòng active, sharing_enabled = false | D18: 1. POST /family/link-requests với phiên của F, body {client_uuid, code} 2. Đọc caregiver_links của cặp | E18: code = C | F18: 409 {"detail": "already_linked"}; số dòng không đổi; không tính lần sai | G18: 409 already_linked; dòng không đổi; không có lượt sai | H18: Pass | I18: AC6 · Decision Table (R9) · test_open_pair_409__AC6[active-already_linked] | Q18: Action | R18: R1 | S18: R2 | T18: R3 | U18: R4 | V18: R5 | W18: R6 | X18: R7 | Y18: R8 | Z18: R9 | AA18: R10 | AB18: R11
A19: TC-LINKREQ-11 | B19: Gửi được khi đã có yêu cầu hoặc liên kết theo chiều ngược lại | C19: Người bệnh P đã đồng ý family_sharing và lấy mã C qua GET /family/link-code; F cũng là người bệnh; đã có dòng (patient = F, family = P) pending hoặc active | D19: 1. POST /family/link-requests với phiên của F, body {client_uuid, code} 2. Đọc caregiver_links cả hai chiều | E19: code = C; chạy với pending và với active | F19: 201; chiều (P, F) có 1 dòng pending; chiều (F, P) giữ nguyên | G19: 201 ở cả hai trường hợp; chiều ngược không đổi | H19: Pass | I19: AC7 · QD-44 · test_reverse_direction_201__AC7[pending], [active] | Q19: 403 khong_co_quyen | R19: X
A20: TC-LINKREQ-12 | B20: Gửi lại được ngay sau khi bị từ chối 1 đến 4 lần | C20: Người bệnh P đã đồng ý family_sharing và lấy mã C qua GET /family/link-code; P đã từ chối F 1 lần (lượt chạy 1) hoặc 4 lần liên tiếp (lượt chạy 2) | D20: 1. POST /family/link-requests với phiên của F, body {client_uuid, code} 2. Đọc caregiver_links của cặp | E20: Số lần từ chối: 1; 4 | F20: 201; thêm 1 dòng pending mới; các dòng rejected cũ giữ nguyên | G20: 201 ở cả hai lượt; dòng rejected cũ không đổi, thêm 1 dòng pending | H20: Pass | I20: AC8 · BS-04 · BVA (min = 1, max-1 = 4) · test_rejected_1_to_4_times_can_resend__AC8[1], [4], test_streak_1_to_4_not_blocked__AC8 | Q20: 200, trả yêu cầu đã tạo | S20: X
A21: TC-LINKREQ-13 | B21: Gửi lại sau khi liên kết bị hủy tạo yêu cầu mới, không khôi phục chia sẻ | C21: Người bệnh P đã đồng ý family_sharing và lấy mã C qua GET /family/link-code; cặp (P, F) có dòng revoked, trước đó sharing_enabled = true | D21: 1. POST /family/link-requests với phiên của F, body {client_uuid, code} 2. Đọc caregiver_links của cặp | E21: code = C | F21: 201; dòng revoked cũ giữ nguyên; dòng mới pending, sharing_enabled = false | G21: 201; dòng cũ không đổi; dòng mới pending, sharing_enabled false | H21: Pass | I21: AC9 · QD-30 · Chuyển trạng thái (revoked → yêu cầu mới) · test_resend_after_revoked_sharing_false__AC9 | Q21: 429 link_request_locked + Retry-After | T21: X
A22: TC-LINKREQ-14 | B22: Bỏ qua khoảng trắng hai đầu và chữ thường trong mã | C22: Người bệnh P đã đồng ý family_sharing và lấy mã C qua GET /family/link-code | D22: 1. POST /family/link-requests với phiên của F, body {client_uuid, code}, code là C viết thường có khoảng trắng hai đầu | E22: code = " <c viết thường> " | F22: 201; tạo đúng 1 dòng cho cặp (P, F) | G22: 201; 1 dòng | H22: Pass | I22: AC20 · EP (3) · test_code_normalized__AC20, test_request_body_normalizes_code__AC20 | Q22: 429 link_request_daily_limit + Retry-After | U22: X
A23: TC-LINKREQ-15 | B23: Từ chối body thiếu code | C23: Người thân F đăng nhập | D23: 1. POST /family/link-requests với phiên của F, body {client_uuid, code} không có field code 2. Đọc lượt sai và caregiver_links của F | E23: body = {"client_uuid": "<UUID>"} | F23: 422, detail là mảng lỗi field; không tính lần sai, không tạo dòng | G23: 422 mảng lỗi; không có lượt sai, không có dòng | H23: Pass | I23: AC20 · EP (10) · test_validation_422_not_counted__AC20[thieu-code] | Q23: 404 link_code_not_found, tính 1 lần sai | V23: X | X23: X
A24: TC-LINKREQ-16 | B24: Từ chối code không phải chuỗi | C24: Người thân F đăng nhập | D24: 1. POST /family/link-requests với phiên của F, body {client_uuid, code} | E24: code = 1234567890 (số) | F24: 422 mảng lỗi field; không tính lần sai | G24: 422 mảng lỗi; không có lượt sai | H24: Pass | I24: AC20 · EP (11) · test_validation_422_not_counted__AC20[code-khong-phai-chuoi] | Q24: 422 self_link_not_allowed | W24: X
A25: TC-LINKREQ-17 | B25: Từ chối mã có ký tự dễ nhầm | C25: Người thân F đăng nhập | D25: 1. POST /family/link-requests với phiên của F, body {client_uuid, code}, lần lượt 5 mã | E25: K7M2Q9XARO | K7M2Q9XARI | K7M2Q9XARL | K7M2Q9XAR0 | K7M2Q9XAR1 | F25: Cả 5 lần 422 mảng lỗi field; không tính lần sai | G25: Cả 5 lần 422; không có lượt sai | H25: Pass | I25: AC20 · EP (12) · test_validation_422_not_counted__AC20[co-O], [co-I], [co-L], [co-0], [co-1] | Q25: 409 link_request_pending | Y25: X
A26: TC-LINKREQ-18 | B26: Từ chối body thiếu client_uuid | C26: Người thân F đăng nhập | D26: 1. POST /family/link-requests với phiên của F, body {client_uuid, code} không có client_uuid | E26: body = {"code": "K7M2Q9XAR4"} | F26: 422 mảng lỗi field; không tính lần sai | G26: 422 mảng lỗi; không có lượt sai | H26: Pass | I26: AC20 · EP (15) · test_validation_422_not_counted__AC20[thieu-client-uuid] | Q26: 409 already_linked | Z26: X
A27: TC-LINKREQ-19 | B27: Từ chối client_uuid không phải UUID | C27: Người thân F đăng nhập | D27: 1. POST /family/link-requests với phiên của F, body {client_uuid, code} | E27: client_uuid = "not-a-uuid" | F27: 422 mảng lỗi field; không tính lần sai | G27: 422 mảng lỗi; không có lượt sai | H27: Pass | I27: AC20 · EP (16) · test_validation_422_not_counted__AC20[client-uuid-sai] | Q27: 429 link_request_cooldown + Retry-After | AA27: X
A28: TC-LINKREQ-20 | B28: Từ chối body có field lạ | C28: Người thân F đăng nhập | D28: 1. POST /family/link-requests với phiên của F, body {client_uuid, code} kèm field patient_user_id | E28: patient_user_id = "x" | F28: 422 mảng lỗi field; không tính lần sai, không tạo dòng | G28: 422 mảng lỗi; không có lượt sai, không có dòng | H28: Pass | I28: AC20 · EP (20) · Đoán lỗi (truy cập dữ liệu người khác) · test_validation_422_not_counted__AC20[field-la] | Q28: 201, tạo yêu cầu pending | AB28: X
A29: TC-LINKREQ-21 | B29: Gửi lại cùng client_uuid trả yêu cầu đã tạo với trạng thái hiện tại | C29: Người bệnh P đã đồng ý family_sharing và lấy mã C qua GET /family/link-code; F đã gửi thành công với client_uuid K (201) | D29: 1. POST /family/link-requests với phiên của F, body {client_uuid, code} với cùng K 2. Đổi dòng của yêu cầu sang active bằng kết nối quản trị 3. POST /family/link-requests với phiên của F, body {client_uuid, code} với cùng K lần nữa 4. Đọc caregiver_links của cặp | E29: client_uuid = K | F29: Lần 2: 200, body giống hệt lần đầu; lần 3: 200, cùng id và requested_at, status = active; DB vẫn 1 dòng | G29: 200 giống lần đầu; sau khi đổi trạng thái: 200 với status active; 1 dòng | H29: Pass | I29: AC29 · EP (5) · Decision Table (R2) · Kịch bản chất lượng (gửi lại cùng client_uuid → một bản ghi) · test_replay_200_current_status__AC29, test_replay_returns_existing_not_created__AC29
A30: TC-LINKREQ-22 | B30: Gửi lại cùng client_uuid vẫn nhận 200 khi đang bị khóa | C30: Người bệnh P đã đồng ý family_sharing và lấy mã C qua GET /family/link-code; F đã gửi thành công với K, sau đó sai 5 lần nên bị khóa | D30: 1. POST /family/link-requests với phiên của F, body {client_uuid, code} với mã của người bệnh khác (xác nhận đang bị khóa) 2. POST /family/link-requests với phiên của F, body {client_uuid, code} với K và mã C | E30: client_uuid = K | F30: Request mới: 429 link_request_locked; request với K: 200, body như lần đầu; không thêm dòng | G30: 429 link_request_locked; rồi 200 giống lần đầu; số dòng không đổi | H30: Pass | I30: AC29 · Decision Table (R2) · test_replay_200_while_locked_or_daily_limit__AC29[link_request_locked], test_replay_allowed_while_locked__AC29
A31: TC-LINKREQ-23 | B31: Gửi lại cùng client_uuid vẫn nhận 200 khi đã đủ 10 yêu cầu trong ngày | C31: Người bệnh P đã đồng ý family_sharing và lấy mã C qua GET /family/link-code; F đã gửi thành công với K và đã có tổng 10 yêu cầu hôm nay | D31: 1. POST /family/link-requests với phiên của F, body {client_uuid, code} với mã của người bệnh khác (xác nhận đủ giới hạn) 2. POST /family/link-requests với phiên của F, body {client_uuid, code} với K và mã C | E31: client_uuid = K | F31: Request mới: 429 link_request_daily_limit; request với K: 200, body như lần đầu | G31: 429 link_request_daily_limit; rồi 200 giống lần đầu | H31: Pass | I31: AC29 · Decision Table (R2) · test_replay_200_while_locked_or_daily_limit__AC29[link_request_daily_limit]
A32: TC-LINKREQ-24 | B32: Gửi lại cùng client_uuid kèm mã khác thì body lần sau bị bỏ qua | C32: Người bệnh P đã đồng ý family_sharing và lấy mã C qua GET /family/link-code; P2 có mã C2; F đã gửi thành công C với K | D32: 1. POST /family/link-requests với phiên của F, body {client_uuid, code} với K và mã C2 2. Đọc caregiver_links của cặp (P2, F) | E32: client_uuid = K; code = C2 | F32: 200 với yêu cầu đã tạo bằng C; không có dòng nào cho (P2, F) | G32: 200 giống lần đầu; (P2, F) không có dòng | H32: Pass | I32: AC30 · test_replay_ignores_other_code__AC30, test_replay_ignores_new_code__AC30
A33: TC-LINKREQ-25 | B33: client_uuid của hai tài khoản khác nhau được xử lý độc lập | C33: Người bệnh P đã đồng ý family_sharing và lấy mã C qua GET /family/link-code | D33: 1. F1 gửi C với K 2. F2 gửi C với cùng K | E33: client_uuid = K cho cả hai | F33: Cả hai 201, id khác nhau; dòng của F2 có client_uuid = K | G33: Cả hai 201, id khác nhau | H33: Pass | I33: AC30 · test_replay_isolated_per_user__AC30
A34: TC-LINKREQ-26 | B34: App tự gửi lại request sai mã không làm tăng số lần sai | C34: Người thân F đăng nhập | D34: 1. POST /family/link-requests với phiên của F, body {client_uuid, code} với mã sai và client_uuid K 2. Gửi lại đúng request đó 3. Đọc lượt sai của F | E34: client_uuid = K; cùng một mã sai | F34: Cả hai lần 404 link_code_not_found; chỉ 1 dòng lượt sai (client_uuid K) | G34: 404 hai lần; 1 dòng lượt sai | H34: Pass | I34: AC31 · Đoán lỗi (mất mạng, gửi lại) · test_replay_failed_not_double_counted__AC31, test_record_failure_on_conflict_do_nothing__AC31
A35: TC-LINKREQ-27 | B35: Hai request cùng client_uuid tới đồng thời chỉ tạo một yêu cầu | C35: Người bệnh P đã đồng ý family_sharing và lấy mã C qua GET /family/link-code | D35: 1. Giữ khóa người gửi của F bằng kết nối quản trị 2. Gửi 2 request cùng K, mã C trong 2 thread; chờ cả hai đang đợi khóa (pg_stat_activity) 3. Nhả khóa, đợi hai request trả về 4. Đọc caregiver_links của cặp | E35: client_uuid = K cho cả hai | F35: Một request 201, request còn lại 200, cùng body; DB có đúng 1 dòng | G35: 201 và 200, cùng body; 1 dòng. Chạy lặp 5 lần đều pass | H35: Pass | I35: AC31 · Đoán lỗi (chạy đua, bấm liên tục) · test_concurrent_same_client_uuid_201_and_200__AC31
A36: TC-LINKREQ-28 | B36: Mã của người bệnh đã rút family_sharing trả giống hệt mã không tồn tại | C36: Người bệnh P đã đồng ý family_sharing và lấy mã C qua GET /family/link-code; sau đó P rút consent family_sharing | D36: 1. POST /family/link-requests với phiên của F, body {client_uuid, code} với mã không tồn tại (để so sánh) 2. POST /family/link-requests với phiên của F, body {client_uuid, code} với mã C 3. So status, body, content-type hai response; đọc lượt sai và caregiver_links 4. P đồng ý lại family_sharing; F gửi C với client_uuid mới | E36: code = C | F36: Cả hai 404 với body giống hệt từng byte; 2 lượt sai; không có dòng (P, F); sau khi P đồng ý lại: 201 (mã cũ dùng lại được) | G36: 404 giống hệt; 2 lượt sai; không có dòng; sau khi đồng ý lại: 201 | H36: Pass | I36: AC33 · BS-05 · QD-34 (b) · EP (18) · Decision Table (R7) · test_owner_revoked_consent_404__AC33, test_owner_without_consent_same_as_unknown__AC33
A37: TC-LINKREQ-29 | B37: Rút consent có hiệu lực ngay ở request kế tiếp | C37: Người bệnh P đã đồng ý family_sharing và lấy mã C qua GET /family/link-code; F1 đã gửi thành công (201) | D37: 1. P gọi POST /consents/family_sharing/withdraw 2. F2 gửi C ngay sau đó 3. Đọc caregiver_links của (P, F2) | E37: code = C | F37: 404 {"detail": "link_code_not_found"}; không có dòng (P, F2) | G37: Withdraw 200; F2 nhận 404 link_code_not_found; không có dòng | H37: Pass | I37: AC34 · Bất biến 4 · Kịch bản chất lượng (rút consent rồi gửi request ngay) · test_consent_revoked_takes_effect_next_request__AC34
A38: TC-LINKREQ-30 | B38: Mã liên kết không xuất hiện trong log ứng dụng | C38: Người bệnh P đã đồng ý family_sharing và lấy mã C qua GET /family/link-code; logger drugtime ở mức DEBUG | D38: 1. Gửi lần lượt để đi qua 201, 409, 422 (mã của mình), 5 lần 404, rồi 429 (bị khóa) 2. Tìm mã C, c viết thường và 5 mã sai trong log bắt được | E38: caplog | F38: Mã trạng thái đúng thứ tự 201, 409, 422, 404 ×5, 429; không dòng log nào chứa mã đã gửi | G38: Đúng thứ tự; không có mã trong log | H38: Pass | I38: AC17 · Đoán lỗi (bí mật) · test_code_not_logged__AC17, test_error_messages_never_contain_code__AC17
A39: TC-LINKREQ-31 | B39: Người thân đang bị khóa không ảnh hưởng mã của người bệnh | C39: Người bệnh P đã đồng ý family_sharing và lấy mã C qua GET /family/link-code; F1 đang bị khóa vì sai 5 lần | D39: 1. F1 gửi C (xác nhận 429) 2. F2 gửi C | E39: code = C | F39: F1: 429; F2: 201 và có dòng pending (P, F2) | G39: F1 429; F2 201, 1 dòng pending | H39: Pass | I39: AC15 · QD-34 (i) · test_locked_family_does_not_block_patient_code__AC15
A40: TC-LINKREQ-32 | B40: Mười request sai mã gửi đồng thời chỉ tính tối đa 5 lần sai | C40: Người thân F chưa sai lần nào; app cố định giờ | D40: 1. Giữ khóa người gửi của F bằng kết nối quản trị 2. Gửi 10 request với 10 mã sai khác nhau trong 10 thread; chờ cả 10 đang đợi khóa 3. Nhả khóa, đợi các request trả về 4. Đếm lượt sai của F | E40: 10 mã ngẫu nhiên không tồn tại | F40: Đúng 5 request 404 và 5 request 429 link_request_locked; DB có đúng 5 lượt sai | G40: 5 × 404, 5 × 429 link_request_locked; 5 lượt sai. Chạy lặp 5 lần đều pass | H40: Pass | I40: AC13 · Đoán lỗi (chạy đua) · test_concurrent_wrong_codes_at_most_five_404__AC13, test_lock_sender_called_before_replay__AC13
... A69: TC-LINKREQ-BVA-15 | B69: Mã 11 ký tự bị từ chối | C69: Người thân F đăng nhập | D69: 1. POST /family/link-requests với phiên của F, body {client_uuid, code} | E69: code = K7M2Q9XAR44 | F69: 422 mảng lỗi field; không tính lần sai | G69: 422; không có lượt sai | H69: Pass | I69: AC20 · BVA (max+1) · EP (14) · test_validation_422_not_counted__AC20[11-ky-tu]
G72: Pass | H72: =COUNTIF(H9:H69,"Pass")
G73: Fail | H73: =COUNTIF(H9:H69,"Fail")
G74: Pending | H74: =COUNTIF(H9:H69,"Pending")
G75: Total | H75: =SUM(H72:H74)

Sheet Theo dõi người thân (app)
A1: Project Name | B1: DrugTime
A2: Module Name | B2: Theo dõi người thân bằng QR, mã hoặc link (mobile) (LINKFOLLOW)
A3: Created By | B3: zannguyen
A4: Creation Date | B4: 46315
A5: Reviewed By
A6: Reviewed Date
K7: Equivalence Partitioning
A8: Test Case ID | B8: Description | C8: Precondition | D8: Test Steps | E8: Test Data | F8: Expected Result | G8: Actual Result | H8: Status | I8: Comments(if any) | K8: Field | L8: Valid | M8: Num | N8: Invalid | O8: Num
A9: TC-LINKFOLLOW-01 | B9: Quét QR hợp lệ của patient và gửi yêu cầu | C9: Người thân đã đăng nhập, cấp quyền camera, đang ở màn Quét mã QR | D9: 1. Tab Người thân → Theo dõi người thân → Quét mã QR 2. Đưa QR của patient vào khung | E9: drugtime://link?code=K7M2Q9XAR4 | F9: App chuyển sang màn nhập mã đã điền K7M2 Q9XA R4, tự gửi đúng một yêu cầu và hiện màn "Đang chờ xác nhận" | G9: Scanner giả phát QR 5 lần: repository nhận đúng 1 request với mã K7M2Q9XAR4, hiện LinkRequestResultScreen | H9: Pass | I9: AC1, AC4, AC5 · EP (1) · scan_link_qr_screen_test: AC5 | K9: Nội dung QR | L9: drugtime://link?code=<10 ký tự hợp lệ> | M9: 1 | N9: URL https (link mời) Văn bản thường Scheme hoặc host khác Thiếu tham số code code có O, I, L, 0, 1 code chữ thường code sai độ dài | O9: 9 10 11 12 13 14 15
A10: TC-LINKFOLLOW-02 | B10: Quét QR không phải mã liên kết DrugTime | C10: Đang ở màn Quét mã QR | D10: 1. Đưa lần lượt từng QR trong Test Data vào khung | E10: https://drug-time-frontend.vercel.app/link#code=K7M2Q9XAR4; hello; drugtime://link?code=k7m2q9xar4 | F10: Hiện "Đây không phải mã liên kết DrugTime."; không gửi request nào; vẫn ở màn quét | G10: Hiện đúng câu cho cả 3 QR; repository 0 lần gọi | H10: Pass | I10: AC2 · EP (2,3,7) · scan_link_qr_screen_test: AC2 | K10: Mã nhập tay | L10: 10 ký tự trong bảng A-H J K M N P-Z 2-9 Có khoảng trắng, gạch nối, chữ thường (được chuẩn hóa) Dán chuỗi drugtime://link?code= Dán link mời https://<host>/link#code= | M10: 2 3 4 5 | N10: Ít hơn 10 ký tự Có ký tự ngoài bảng mã (0, 1, O, I, L, ký tự đặc biệt) | O10: 16 17
A11: TC-LINKFOLLOW-03 | B11: Đọc nội dung QR sai định dạng contract 3.10 | C11: Không | D11: 1. Gọi bộ đọc QR với từng chuỗi trong Test Data | E11: otherapp://link?code=…; drugtime://invite?code=…; drugtime://link; code có 0/O/I/L/1; 9 và 11 ký tự | F11: Bộ đọc trả null cho mọi chuỗi | G11: 18 chuỗi không hợp lệ đều trả null | H11: Pass | I11: AC2 · EP (4,5,6,8) · link_code_test: AC2 | K11: Phản hồi của POST /family/link-requests | L11: 201 pending 200 active (gửi lại) 409 link_request_pending | M11: 6 7 8 | N11: 404 link_code_not_found 422 self_link_not_allowed 409 already_linked 200 rejected/revoked (gửi lại) 429 có Retry-After 429 thiếu Retry-After Mất mạng / 5xx 401 | O11: 18 19 20 21 22 23 24 25
A12: TC-LINKFOLLOW-04 | B12: Nhập mã có chữ thường, khoảng trắng, gạch nối | C12: Đang ở màn Nhập mã liên kết | D12: 1. Gõ mã trong Test Data vào ô Mã liên kết | E12: k7m2 q9xa-r4 | F12: Ô hiện K7M2 Q9XA R4; nút "Gửi yêu cầu" bật; chưa gửi request | G12: Ô hiện K7M2 Q9XA R4, nút bật, repository 0 lần gọi | H12: Pass | I12: AC3 · EP (1,2) · enter_link_code_screen_test: AC3
A13: TC-LINKFOLLOW-05 | B13: Dán chuỗi QR và link mời vào ô nhập | C13: Đang ở màn Nhập mã liên kết | D13: 1. Dán chuỗi QR 2. Xóa ô, dán link mời | E13: drugtime://link?code=K7M2Q9XAR4; https://drug-time-frontend.vercel.app/link#code=K7M2Q9XAR5 | F13: Ô lần lượt hiện K7M2 Q9XA R4 và K7M2 Q9XA R5 | G13: Ô hiện đúng hai mã | H13: Pass | I13: AC3, AC15 · EP (3,4) · enter_link_code_screen_test
A14: TC-LINKFOLLOW-BVA-01 | B14: Nhập 9 ký tự (dưới biên) | C14: Đang ở màn Nhập mã liên kết | D14: 1. Gõ mã trong Test Data 2. Bấm Gửi yêu cầu | E14: K7M2Q9XAR | F14: Dưới ô hiện "Mã cần đủ 10 ký tự (còn thiếu 1)."; nút tắt; không gửi request | G14: Hiện đúng câu, nút tắt, repository 0 lần gọi | H14: Pass | I14: AC3 · BVA (min-1) · enter_link_code_screen_test
A15: TC-LINKFOLLOW-BVA-02 | B15: Nhập đúng 10 ký tự (tại biên) | C15: Đang ở màn Nhập mã liên kết | D15: 1. Gõ mã trong Test Data | E15: K7M2Q9XAR4 | F15: Không có lỗi dưới ô; nút bật | G15: Nút bật, không có lỗi | H15: Pass | I15: AC3 · BVA (min/max) · enter_link_code_screen_test
A16: TC-LINKFOLLOW-BVA-03 | B16: Nhập 11 ký tự (trên biên) | C16: Đang ở màn Nhập mã liên kết | D16: 1. Gõ mã trong Test Data | E16: K7M2Q9XAR4K | F16: Ô chỉ giữ 10 ký tự đầu K7M2 Q9XA R4; nút bật | G16: Ô hiện K7M2 Q9XA R4, nút bật | H16: Pass | I16: AC3 · BVA (max+1) · enter_link_code_screen_test: AC3 BVA
A17: TC-LINKFOLLOW-06 | B17: Nhập mã có ký tự ngoài bảng mã | C17: Đang ở màn Nhập mã liên kết | D17: 1. Gõ mã trong Test Data | E17: K7M2Q9XA01 | F17: Dưới ô hiện "Mã chỉ gồm chữ và số, không có 0, O, 1, I, L."; nút tắt | G17: Hiện đúng câu, nút tắt | H17: Pass | I17: AC3 · EP (6) · enter_link_code_screen_test
A18: TC-LINKFOLLOW-07 | B18: Bấm Gửi liên tục khi request đầu chưa xong | C18: Đã nhập mã hợp lệ; server trả chậm | D18: 1. Bấm Gửi yêu cầu 3 lần liên tiếp | E18: K7M2Q9XAR4 | F18: Chỉ một request; nút tắt và có vòng xoay trong lúc chờ | G18: Repository 1 lần gọi; có chỉ báo đang gửi; nút tắt | H18: Pass | I18: AC5 · Đoán lỗi (bấm liên tục) · enter_link_code_screen_test: AC5
A19: TC-LINKFOLLOW-08 | B19: Gửi mã không tồn tại hoặc patient chưa bật chia sẻ | C19: Đã nhập mã hợp lệ | D19: 1. Bấm Gửi yêu cầu | E19: Server trả 404 link_code_not_found | F19: Hiện "Mã không đúng, hoặc người thân chưa bật chia sẻ với gia đình."; ở lại màn; giữ mã | G19: Hiện đúng câu, vẫn ở màn nhập mã, ô vẫn K7M2 Q9XA R4 | H19: Pass | I19: AC6 · EP (Phản hồi 4) · enter_link_code_screen_test: AC6
A20: TC-LINKFOLLOW-09 | B20: Gửi mã của chính mình | C20: Đã nhập mã của chính tài khoản | D20: 1. Bấm Gửi yêu cầu | E20: Server trả 422 self_link_not_allowed | F20: Hiện "Đây là mã của chính bạn."; ở lại màn | G20: Hiện đúng câu | H20: Pass | I20: AC6 · EP (Phản hồi 5) · enter_link_code_screen_test: AC6
A21: TC-LINKFOLLOW-10 | B21: Gửi mã của người đã theo dõi | C21: Đã liên kết active với patient này | D21: 1. Bấm Gửi yêu cầu | E21: Server trả 409 already_linked | F21: Hiện "Bạn đã theo dõi người này rồi." | G21: Hiện đúng câu | H21: Pass | I21: AC6 · EP (Phản hồi 6) · enter_link_code_screen_test: AC6
A22: TC-LINKFOLLOW-11 | B22: Gửi khi đã có yêu cầu đang chờ với patient | C22: Đã gửi yêu cầu trước đó, chưa được trả lời | D22: 1. Bấm Gửi yêu cầu | E22: Server trả 409 link_request_pending | F22: Hiện màn "Đang chờ xác nhận" (không báo lỗi) | G22: Hiện màn Đang chờ xác nhận | H22: Pass | I22: AC21 · EP (Phản hồi 3) · enter_link_code_screen_test: AC21
A23: TC-LINKFOLLOW-12 | B23: Gửi lại khi yêu cầu cũ đã được chấp thuận, bị từ chối, hoặc trạng thái lạ | C23: Lần gửi trước bị mất phản hồi | D23: 1. Bấm Gửi yêu cầu | E23: Server trả 200 với status active; rejected; xyz | F23: active: "Đã được chấp thuận"; rejected: "Yêu cầu này không còn hiệu lực. Bạn có thể gửi lại." và ở lại màn; xyz: màn Đang chờ xác nhận | G23: Đúng cả ba kết quả | H23: Pass | I23: AC21 · EP (Phản hồi 2,7) · enter_link_code_screen_test: AC21
... A35: TC-LINKFOLLOW-24 | B35: Không lưu mã liên kết xuống máy hay log | C35: Đã nhập mã hợp lệ | D35: 1. Bấm Gửi (lỗi mạng) 2. Bấm Thử lại 3. Rà code tìm print/debugPrint/log và storage | E35: K7M2Q9XAR4 | F35: Không có lời gọi secure storage hay SQLite; không có lệnh log nào in mã | G35: 0 lời gọi kênh flutter_secure_storage/sqflite; grep sạch | H35: Pass | I35: AC13 · Bảo mật · enter_link_code_screen_test: AC13 · evidence/implement-ac13-grep.log
A36: TC-LINKFOLLOW-25 | B36: Quét QR thật trên Android và kiểm DB | C36: Thiết bị Android thật; backend main chạy local; patient đã đồng ý family_sharing và đang hiện QR | D36: 1. Người thân quét QR của patient 2. Kiểm caregiver_links trong DB 3. Quét lại cùng QR | E36: QR từ màn Mã liên kết của tôi | F36: Hiện màn chờ; DB có 1 dòng caregiver_links pending cho đúng cặp; lần quét 2 vẫn hiện màn chờ và DB không thêm dòng | H36: Pending | I36: AC12 · manual (cần camera, thiết bị, backend)
A37: TC-LINKFOLLOW-26 | B37: Bật tắt đèn flash khi quét | C37: Thiết bị có đèn flash, đang ở màn quét | D37: 1. Bấm nút đèn 2. Bấm lại | E37: (không có) | F37: Đèn bật rồi tắt; icon đổi tương ứng | H37: Pending | I37: AC12 · manual
A38: TC-LINKFOLLOW-27 | B38: Từ chối quyền camera trên máy thật | C38: App mới cài trên Android thật | D38: 1. Mở màn quét, chọn Không cho phép 2. Mở lại, chọn Không cho phép và không hỏi lại 3. Bấm Mở Cài đặt | E38: (không có) | F38: Không crash; lần 2 có nút Mở Cài đặt mở đúng trang cài đặt DrugTime | H38: Pending | I38: AC10 · manual
A39: TC-LINKFOLLOW-28 | B39: App bị ẩn rồi hiện lại khi hộp thoại xin quyền camera còn mở | C39: Mở màn Quét mã QR lần đầu, hộp thoại xin quyền camera đang hiện | D39: 1. App chuyển inactive rồi resumed (hộp thoại che màn hình) 2. Chọn Cho phép trong hộp thoại | E39: (không có) | F39: Chỉ có đúng một yêu cầu xin quyền; sau khi cho phép thì camera hiện | G39: Số lần xin quyền giữ ở 1 sau resumed và sau khi trả kết quả; scanner hiện | H39: Pass | I39: AC10 · Đoán lỗi (review M1) · scan_link_qr_screen_test: AC10 (M1) resumed
A40: TC-LINKFOLLOW-29 | B40: Xin quyền camera bị lỗi nền tảng | C40: Plugin quyền ném lỗi khi xin quyền | D40: 1. Mở màn Quét mã QR | E40: PlatformException ERROR_ALREADY_REQUESTING_PERMISSIONS | F40: Không kẹt ở vòng xoay; hiện "Chưa có quyền dùng camera" và nút Nhập mã | G40: Không còn vòng xoay; hiện giải thích và nút Nhập mã | H40: Pass | I40: AC10 · Đoán lỗi (review M1) · scan_link_qr_screen_test: AC10 (M1) lỗi nền tảng
A41: TC-LINKFOLLOW-30 | B41: Chỉ kiểm lại quyền camera khi quay về từ Cài đặt | C41: Quyền camera bị từ chối vĩnh viễn, đang ở màn quét | D41: 1. Ẩn rồi hiện lại app mà không bấm Mở Cài đặt 2. Bấm Mở Cài đặt, bật quyền camera, quay lại app | E41: (không có) | F41: Bước 1 không xin quyền thêm; bước 2 kiểm lại quyền đúng một lần và camera hiện | G41: Bước 1 số lần xin quyền vẫn 1; bước 2 thành 2 và scanner hiện | H41: Pass | I41: AC10 · Đoán lỗi (review M1) · scan_link_qr_screen_test: AC10 (M1) Cài đặt
A42: TC-LINKFOLLOW-31 | B42: Sửa mã khi đang bị khóa vì nhập sai hoặc đủ yêu cầu trong ngày | C42: Đã gửi K7M2Q9XAR4 và bị khóa | D42: 1. Sửa mã thành K7M2Q9XAR5 2. Chờ hết thời gian khóa | E42: Server trả 429 link_request_locked, Retry-After: 900; 429 link_request_daily_limit, Retry-After: 60 | F42: Câu báo và thời gian chờ vẫn hiện, nút Gửi vẫn tắt; hết giờ nút bật lại, không tự gửi | G42: Vẫn hiện "Bạn đã nhập sai mã nhiều lần. Thử lại sau 15:00.", nút tắt; daily_limit giữ 60 giây rồi mở lại, repository 1 lần gọi | H42: Pass | I42: AC20 · Đoán lỗi (review M2) · enter_link_code_screen_test: AC20 (M2); link_request_controller_test: AC20 (M2) daily_limit
A43: TC-LINKFOLLOW-32 | B43: Sửa sang mã khác khi bị chặn vì patient cũ từ chối nhiều lần | C43: Đã gửi K7M2Q9XAR4 và bị chặn | D43: 1. Sửa mã thành K7M2Q9XAR5 | E43: Server trả 429 link_request_cooldown, Retry-After: 86400 | F43: Câu báo và đếm ngược biến mất; nút Gửi bật (chặn chỉ áp cho patient cũ) | G43: Không còn lỗi, không còn đếm ngược, nút bật | H43: Pass | I43: AC20 · Đoán lỗi (review M2) · link_request_controller_test: AC20 (M2) cooldown
G46: Pass | H46: =COUNTIF(H9:H43,"Pass")
G47: Fail | H47: =COUNTIF(H9:H43,"Fail")
G48: Pending | H48: =COUNTIF(H9:H43,"Pending")
G49: Total | H49: =SUM(H46:H48)

Sheet Link mời người thân
A1: Project Name | B1: DrugTime
A2: Module Name | B2: Gửi và mở link mời người thân (INVITELINK)
A3: Created By | B3: zannguyen
A4: Creation Date | B4: 46315
A5: Reviewed By
A6: Reviewed Date
K7: Equivalence Partitioning | Q7: Màn Gửi link mời
A8: Test Case ID | B8: Description | C8: Precondition | D8: Test Steps | E8: Test Data | F8: Expected Result | G8: Actual Result | H8: Status | I8: Comments(if any) | K8: Field | L8: Valid | M8: Num | N8: Invalid | O8: Num | Q8: Rule | R8: R1 | S8: R2 | T8: R3
A9: TC-INVITELINK-01 | B9: Mở Gửi link mời và xem link | C9: Đã đăng nhập, đã đồng ý family_sharing, mã của tài khoản là K7M2Q9XAR4 | D9: 1. Tab Người thân → Gửi link mời | E9: Mã K7M2Q9XAR4 | F9: Hiện https://drug-time-frontend.vercel.app/link#code=K7M2Q9XAR4; không có cảnh báo | G9: Hiện đúng link; không có cảnh báo | H9: Pass | I9: AC22, AC23 · Decision Table (R1) · share_invite_link_screen_test | K9: Phần #code của link | L9: #code=<10 ký tự hợp lệ> | M9: 1 | N9: Thiếu # Thiếu code hoặc code rỗng Chữ thường Có 0/O Sai độ dài Chứa ký tự HTML | O9: 2 3 4 5 6 7 | Q9: Tải được mã? | R9: Yes | S9: Yes | T9: No
A10: TC-INVITELINK-02 | B10: Chia sẻ link mời | C10: Đang ở màn Gửi link mời | D10: 1. Bấm Chia sẻ | E10: Mã K7M2Q9XAR4 | F10: Bảng chia sẻ nhận đúng một chuỗi: câu mời + link; không có tên hay thông tin hồ sơ | G10: Sharer giả nhận 1 chuỗi đúng inviteShareText(link) | H10: Pass | I10: AC22 · share_invite_link_screen_test | Q10: Đã đồng ý family_sharing? | R10: Yes | S10: No | T10: -
A11: TC-INVITELINK-03 | B11: Sao chép link mời | C11: Đang ở màn Gửi link mời | D11: 1. Bấm Sao chép link | E11: Mã K7M2Q9XAR4 | F11: Clipboard chứa đúng link; hiện "Đã sao chép link" | G11: Clipboard.setData nhận đúng link; SnackBar hiện | H11: Pass | I11: AC22 · share_invite_link_screen_test | Q11: Action | R11: R1 | S11: R2 | T11: R3
A12: TC-INVITELINK-04 | B12: Gửi link khi chưa bật chia sẻ với gia đình | C12: Chưa đồng ý family_sharing | D12: 1. Mở Gửi link mời 2. Bấm Mở Quyền riêng tư | E12: (không có) | F12: Có cảnh báo người thân chưa gửi được yêu cầu; vẫn có nút Chia sẻ; mở được màn Quyền riêng tư | G12: Có cảnh báo và nút Chia sẻ; mở PrivacySettingsScreen | H12: Pass | I12: AC23 · Decision Table (R2) · share_invite_link_screen_test | Q12: Hiện link, Chia sẻ, Sao chép | R12: X | S12: X
A13: TC-INVITELINK-05 | B13: Không tải được mã liên kết | C13: GET /family/link-code lỗi (503) | D13: 1. Mở Gửi link mời 2. Bấm Thử lại khi server đã ổn | E13: Lần 1: lỗi unavailable; lần 2: mã K7M2Q9XAR4 | F13: Lần 1: "Chưa thể tải link mời. Vui lòng thử lại.", không có link, không có nút chia sẻ/sao chép; sau Thử lại hiện link | G13: Đúng cả hai lần | H13: Pass | I13: AC23 · Decision Table (R3) · share_invite_link_screen_test | Q13: Cảnh báo + lối sang Quyền riêng tư | S13: X
A14: TC-INVITELINK-06 | B14: Ghép link và đọc ngược ra mã | C14: Không | D14: 1. Ghép link từ mã 2. Đọc lại mã từ link | E14: K7M2Q9XAR4, host drug-time-frontend.vercel.app | F14: Link https://drug-time-frontend.vercel.app/link#code=K7M2Q9XAR4; đọc lại được K7M2Q9XAR4 | G14: Đúng | H14: Pass | I14: AC22 · link_code_test: AC22 | Q14: Thông báo lỗi + Thử lại, không có link | T14: X
A15: TC-INVITELINK-07 | B15: Trang /link đọc phần #code | C15: Không | D15: 1. Gọi parseInviteHash với từng giá trị | E15: #code=K7M2Q9XAR4; code=K7M2Q9XAR4; (blank); #ma=…; #code=; chữ thường; có 0/O; 9/11 ký tự; #code=<script> | F15: Hai giá trị đầu trả mã; còn lại trả null | G15: 4/4 test vitest pass | H15: Pass | I15: AC17 · EP (1-7) · landing lib/invite/linkCode.test.ts
A16: TC-INVITELINK-08 | B16: HTML trang /link không lộ mã và không được lập chỉ mục | C16: Landing build và chạy bằng next start | D16: 1. curl http://127.0.0.1:3917/link | E16: (không có) | F16: Có meta robots noindex, nofollow; thẻ OG chỉ có nội dung chung; không chứa mã; không có script ngoài | G16: robots "noindex, nofollow"; OG chung; 0 lần xuất hiện K7M2; 0 script ngoài | H16: Pass | I16: AC17 · Bảo mật · evidence/implement-P16.log
A17: TC-INVITELINK-09 | B17: Mở trang /link trên trình duyệt | C17: Landing đã deploy | D17: 1. Mở link mời trên Chrome Android và desktop 2. Bấm Sao chép mã 3. Xem tab Network | E17: /link#code=K7M2Q9XAR4; /link#code=abc | F17: Hiện K7M2 Q9XA R4, nút sao chép, Mở bằng ứng dụng (chỉ Android), Tải ứng dụng, hướng dẫn iPhone; không có request tới backend hay analytics; mã sai hiện thông báo chung | H17: Pending | I17: AC17 · manual (trình duyệt)
A18: TC-INVITELINK-10 | B18: File assetlinks.json phục vụ đúng | C18: Landing build và chạy bằng next start | D18: 1. curl -i http://127.0.0.1:3917/.well-known/assetlinks.json | E18: (không có) | F18: 200, Content-Type application/json | G18: 200 OK, Content-Type: application/json; charset=UTF-8 | H18: Pass | I18: AC18 (local) · evidence/implement-P16.log
A19: TC-INVITELINK-11 | B19: App Links được Android xác minh trên production | C19: Landing đã deploy lên drug-time-frontend.vercel.app; cài APK ký bằng khóa có fingerprint trong assetlinks.json | D19: 1. curl -i https://drug-time-frontend.vercel.app/.well-known/assetlinks.json 2. adb shell pm get-app-links vn.drugtime.drugtime_mobile | E19: (không có) | F19: 200 application/json; host drug-time-frontend.vercel.app ở trạng thái verified | H19: Pending | I19: AC18 · manual (cần deploy production, Q1-A)
A20: TC-INVITELINK-12 | B20: Bấm link mời trong Zalo và SMS | C20: Android thật đã cài APK demo; landing đã lên production | D20: 1. Gửi link qua Zalo, bấm link 2. Gửi qua SMS, bấm link 3. Nếu Zalo mở trình duyệt riêng: bấm Mở bằng ứng dụng DrugTime | E20: https://drug-time-frontend.vercel.app/link#code=<mã thật> | F20: App mở màn nhập mã đã điền sẵn; với trình duyệt của Zalo, nút Mở bằng ứng dụng vào được app | H20: Pending | I20: AC19 · manual
A21: TC-INVITELINK-13 | B21: Chia sẻ link qua bảng chia sẻ thật | C21: Android thật có Zalo | D21: 1. Tab Người thân → Gửi link mời → Chia sẻ 2. Chọn Zalo, gửi cho một người | E21: (không có) | F21: Zalo nhận đúng câu mời kèm link | H21: Pending | I21: AC22 · manual
G24: Pass | H24: =COUNTIF(H9:H21,"Pass")
G25: Fail | H25: =COUNTIF(H9:H21,"Fail")
G26: Pending | H26: =COUNTIF(H9:H21,"Pending")
G27: Total | H27: =SUM(H24:H26)

Sheet Khung điều hướng app
A1: Project Name | B1: DrugTime
A2: Module Name | B2: Khung điều hướng: tab Hồ sơ và Người thân (APPNAV)
A3: Created By | B3: zannguyen
A4: Creation Date | B4: 46315
A5: Reviewed By
A6: Reviewed Date
A8: Test Case ID | B8: Description | C8: Precondition | D8: Test Steps | E8: Test Data | F8: Expected Result | G8: Actual Result | H8: Status | I8: Comments(if any)
A9: TC-APPNAV-01 | B9: Mở tab Hồ sơ | C9: Đã đăng nhập | D9: 1. Bấm tab Hồ sơ | E9: (không có) | F9: Hiện màn Hồ sơ có mục Người giám sát; không có thẻ UI Catalog hay lối tắt màn Đăng nhập | G9: ProfileScreen có supervisors-tile; không có UI Catalog | H9: Pass | I9: AC24 · app_shell_test: AC24
A10: TC-APPNAV-02 | B10: Đăng xuất từ menu cài đặt của Hồ sơ | C10: Đã đăng nhập | D10: 1. Tab Hồ sơ → nút cài đặt → Đăng xuất | E10: (không có) | F10: Về màn Đăng nhập; phiên bị xóa | G10: Hiện LoginMobileScreen; phiên null | H10: Pass | I10: AC24 · auth_flow_test: (e) Đăng xuất
A11: TC-APPNAV-03 | B11: Menu cài đặt của Hồ sơ không còn UI Catalog | C11: Đã đăng nhập, ở tab Hồ sơ | D11: 1. Bấm nút cài đặt | E11: (không có) | F11: Menu chỉ có một mục "Đăng xuất" | G11: 1 mục Đăng xuất | H11: Pass | I11: AC25 · app_shell_test: AC25
A12: TC-APPNAV-04 | B12: Mở route /dev-catalog | C12: Không | D12: 1. Gọi onGenerateRoute với /dev-catalog | E12: /dev-catalog | F12: Không có route (null) | G12: null | H12: Pass | I12: AC25 · app_shell_test: AC25
A13: TC-APPNAV-05 | B13: Mở tab Người thân | C13: Đã đăng nhập | D13: 1. Bấm tab Người thân | E13: (không có) | F13: Hiện các thẻ Mã liên kết của tôi, Gửi link mời, Theo dõi người thân | G13: Hiện FamilyTabScreen; thẻ Mã liên kết của tôi mở màn QR của 3.11 | H13: Pass | I13: AC11 · app_shell_test, family_tab_screen_test
G16: Pass | H16: =COUNTIF(H9:H13,"Pass")
G17: Fail | H17: =COUNTIF(H9:H13,"Fail")
G18: Pending | H18: =COUNTIF(H9:H13,"Pending")
G19: Total | H19: =SUM(H16:H18)

Sheet Duyệt yêu cầu liên kết
A1: Project Name | B1: DrugTime
A2: Module Name | B2: Duyệt yêu cầu liên kết người thân (LINKAPPROVE)
A3: Created By | B3: zannguyen
A4: Creation Date | B4: 46316
A5: Reviewed By
A6: Reviewed Date
K7: Equivalence Partitioning | Q7: BS-04: người thân gửi lại yêu cầu
A8: Test Case ID | B8: Description | C8: Precondition | D8: Test Steps | E8: Test Data | F8: Expected Result | G8: Actual Result | H8: Status | I8: Comments(if any) | K8: Field | L8: Valid | M8: Num | N8: Invalid | O8: Num | Q8: Rule | R8: R1 | S8: R2 | T8: R3
A9: TC-LINKAPPROVE-01 | B9: Xem danh sách yêu cầu đang chờ của chính mình | C9: Patient P có 2 yêu cầu pending từ F1 (gửi trước) và F2 (gửi sau); có thêm yêu cầu pending gửi cho patient khác | D9: 1. Đăng nhập bằng P 2. GET /family/links?status=pending | E9: status=pending | F9: 200; items gồm đúng 2 mục theo thứ tự F2, F1; mỗi mục chỉ có link_id, family_user_id, family_full_name, status=pending, requested_at; có audit list_pending/allowed | G9: Đúng như mong đợi | H9: Pass | I9: AC2 · test_list_own_pending_minimal_order_without_consents__AC12_AC13 · evidence/test-integration.log | K9: family_user_id (body approve) | L9: UUID đúng người gửi yêu cầu | M9: 1 | N9: UUID của người khác không phải UUID | O9: 4 5 | Q9: Số lần bị cùng patient từ chối liên tiếp (từ lần chấp thuận gần nhất) | R9: 0–4 | S9: 5 | T9: 5
A10: TC-LINKAPPROVE-02 | B10: Xem danh sách khi không có yêu cầu nào | C10: Patient không có yêu cầu pending | D10: 1. GET /family/links?status=pending | E10: status=pending | F10: 200; {"items": []} | G10: 200; {"items": []} | H10: Pass | I10: AC2 · test_list_pending_empty_returns_200_items_empty__AC13 · evidence/test-integration.log | K10: consent_confirmed | L10: true (boolean) | M10: 2 | N10: false thiếu field "true" (chuỗi) | O10: 6 7 8 | Q10: Còn trong 24 giờ kể từ lần từ chối thứ 5? | R10: - | S10: Có | T10: Không
A11: TC-LINKAPPROVE-03 | B11: Gửi query lạ khi xem danh sách (patient_id) | C11: Patient đã đăng nhập | D11: 1. GET /family/links?status=pending&patient_id=<UUID khác> | E11: patient_id=<UUID patient khác> | F11: 422 ValidationError; không gọi use case | G11: 422 | H11: Pass | I11: AC5 · Đoán lỗi (truy cập dữ liệu người khác) · test_list_rejects_missing_invalid_duplicate_or_extra_query · evidence/implement-final-backend.log | K11: document_version | L11: 2026-10-v1 (bản hiện hành) | M11: 3 | N11: (blank) a*65 phiên bản khác bản hiện hành | O11: 9 10 11 | Q11: Action | R11: R1 | S11: R2 | T11: R3
A12: TC-LINKAPPROVE-04 | B12: Chấp thuận yêu cầu với xác nhận đồng ý hợp lệ | C12: P đã đồng ý family_sharing 2026-10-v1; có link pending từ F | D12: 1. Đăng nhập bằng P 2. POST /family/links/{link_id}/approve | E12: {"family_user_id": "<F>", "consent_confirmed": true, "document_version": "2026-10-v1"} | F12: 200; status=active, sharing_enabled=false, consent_confirmation.purpose=family_sharing; đúng 1 dòng family_link_consent_confirmations; link rời danh sách chờ và có trong GET /family/caregivers | G12: Đúng như mong đợi | H12: Pass | I12: AC3 · EP (1,2,3) · test_approve_success_persists_evidence_and_activates_link__AC2, test_approved_link_moves_from_pending_to_caregivers__AC3 · evidence/test-integration.log | Q12: 201: tạo yêu cầu mới (pending) | R12: X | T12: X
A13: TC-LINKAPPROVE-05 | B13: Chấp thuận thay bởi người thân, người lạ, admin hoặc sai family_user_id | C13: Link pending P←F; có người lạ X và tài khoản admin A | D13: 1. POST approve không token 2. POST approve bằng token F, X, A 3. POST approve bằng token P với family_user_id của X | E13: family_user_id = <F> hoặc <X> | F13: 401 khi không token; 403 {"detail": "khong_co_quyen"} cho các trường hợp còn lại; link vẫn pending, không có bằng chứng; có audit denied | G13: Đúng như mong đợi | H13: Pass | I13: AC5 · EP (4) · test_approve_denied_caller_matrix__AC4_AC10_AC16 · evidence/test-integration.log | Q13: 429 link_request_cooldown + Retry-After | S13: X
A14: TC-LINKAPPROVE-06 | B14: Từ chối thay bởi người thân, người lạ hoặc admin | C14: Link pending P←F; người lạ X; admin A | D14: 1. POST /family/links/{link_id}/reject không token 2. POST reject bằng token F, X, A 3. POST reject bằng token P | E14: (không có body) | F14: 401 khi không token; 403 khong_co_quyen với F, X, A, mỗi lượt đúng 1 audit reject/denied với actor là người gọi (admin không ghi patient/link); link vẫn pending; P từ chối được (200) | G14: Đúng như mong đợi | H14: Pass | I14: AC5 · test_reject_denied_caller_matrix__AC5 · evidence/test-integration.log
A15: TC-LINKAPPROVE-07 | B15: Chấp thuận khi patient chưa đồng ý hoặc đã rút family_sharing | C15: Link pending P←F; P không có consent family_sharing hiệu lực | D15: 1. POST approve bằng token P | E15: body hợp lệ | F15: 403 {"detail": "consent_revoked"}; link vẫn pending; không có bằng chứng; audit approve/denied reason consent_revoked | G15: Đúng như mong đợi | H15: Pass | I15: AC7 · test_approve_missing_or_revoked_patient_consent_403__AC3_AC10 · evidence/test-integration.log
A16: TC-LINKAPPROVE-08 | B16: Chấp thuận với phiên bản văn bản cũ hoặc consent_confirmed=false | C16: Link pending P←F; P có family_sharing | D16: 1. POST approve với document_version khác bản hiện hành 2. POST approve với consent_confirmed=false | E16: document_version="wrong-version"; consent_confirmed=false | F16: 422 {"detail": "consent_document_outdated"}; 422 ValidationError; link vẫn pending | G16: Đúng như mong đợi | H16: Pass | I16: AC8 · EP (6,11) · test_approve_outdated_version_and_false_confirmation_422__AC3 · evidence/test-integration.log
A17: TC-LINKAPPROVE-09 | B17: Gửi body chấp thuận sai cấu trúc | C17: Người gọi đã đăng nhập | D17: 1. POST /family/links/1/approve với từng body sai | E17: family_user_id="invalid"; thiếu consent_confirmed; consent_confirmed="true"; consent_confirmed=1; document_version=""; document_version="a"*65; field lạ patient_id | F17: 422 ValidationError cho mọi trường hợp; không gọi use case | G17: 422 cho mọi trường hợp | H17: Pass | I17: AC8 · EP (5,7,8,9,10) · BVA (min-1, max+1) · test_strict_approval_body_rejected_before_use_case · evidence/implement-final-backend.log
A18: TC-LINKAPPROVE-BVA-10 | B18: Chấp thuận với document_version dài 1 ký tự (biên dưới hợp lệ của độ dài) | C18: Link pending P←F; P có family_sharing | D18: 1. POST approve bằng token P | E18: document_version="a" | F18: 422 {"detail": "consent_document_outdated"} (đúng độ dài nhưng không phải bản hiện hành); link vẫn pending | H18: Pending | I18: AC8 · BVA (min) · chưa có test riêng, cần chạy tay
A19: TC-LINKAPPROVE-BVA-11 | B19: Chấp thuận với document_version dài 64 ký tự (biên trên hợp lệ của độ dài) | C19: Link pending P←F; P có family_sharing | D19: 1. POST approve bằng token P | E19: document_version="a"*64 | F19: 422 {"detail": "consent_document_outdated"}; link vẫn pending | H19: Pending | I19: AC8 · BVA (max) · chưa có test riêng, cần chạy tay
A20: TC-LINKAPPROVE-12 | B20: Gửi lại chấp thuận với cùng nội dung | C20: Link đã được P chấp thuận | D20: 1. POST approve lần 2 với cùng body | E20: body giống lần 1 | F20: 200; cùng id/confirmed_at bằng chứng cũ; không thêm bằng chứng | G20: Đúng như mong đợi | H20: Pass | I20: AC3 · Đoán lỗi (gửi trùng) · test_approve_replay_idempotent_with_same_evidence__AC5_AC9 · evidence/test-integration.log
A21: TC-LINKAPPROVE-13 | B21: Chấp thuận liên kết đã bị từ chối hoặc đã hủy | C21: Link ở trạng thái rejected hoặc revoked | D21: 1. POST approve bằng token P | E21: body hợp lệ | F21: 409 {"detail": "invalid_link_transition"}; trạng thái giữ nguyên | G21: Đúng như mong đợi | H21: Pass | I21: AC10 · Chuyển trạng thái (chuyển bị cấm) · test_approve_rejected_or_revoked_conflict_409__AC8 · evidence/test-integration.log
A22: TC-LINKAPPROVE-14 | B22: Từ chối yêu cầu đang chờ và gửi lại lệnh từ chối | C22: Link pending P←F; P không cần consent | D22: 1. POST reject bằng token P 2. POST reject lần 2 | E22: (không có body) | F22: 200 status=rejected, có rejected_at; lần 2 trả 200 cùng rejected_at | G22: Đúng như mong đợi | H22: Pass | I22: AC4 · Chuyển trạng thái (pending→rejected) · test_reject_without_consent_and_replay_idempotent__AC14_AC15 · evidence/test-integration.log
A23: TC-LINKAPPROVE-15 | B23: Từ chối liên kết đang active hoặc đã hủy | C23: Link active hoặc revoked | D23: 1. POST reject bằng token P | E23: (không có body) | F23: 409 {"detail": "invalid_link_transition"} | G23: Đúng như mong đợi | H23: Pass | I23: AC10 · Chuyển trạng thái (chuyển bị cấm) · test_reject_active_or_revoked_conflict_409__AC15 · evidence/test-integration.log
A24: TC-LINKAPPROVE-16 | B24: Chấp thuận và từ chối cùng lúc một yêu cầu | C24: Link pending P←F | D24: 1. Gửi đồng thời POST approve và POST reject bằng token P | E24: body approve hợp lệ | F24: Một request 200, request kia 409; không có trạng thái vừa rejected vừa có bằng chứng | G24: Đúng như mong đợi | H24: Pass | I24: AC15 · Đoán lỗi (chạy đua) · test_concurrent_approve_and_reject_one_wins_other_409__AC17 · evidence/test-integration.log
A25: TC-LINKAPPROVE-17 | B25: Gửi lại yêu cầu sau 5 lần bị từ chối liên tiếp qua endpoint thật | C25: P có family_sharing và mã liên kết; F chưa liên kết | D25: 1. F gửi yêu cầu bằng mã của P, P từ chối; lặp 4 lần (lần 5 vẫn gửi được) 2. P từ chối lần thứ 5 3. F gửi lại ngay 4. Người thân khác gửi yêu cầu 5. Đặt giờ app = rejected_at lần 5 + 23h59 6. Đặt giờ app = rejected_at lần 5 + 24h | E25: client_uuid mới mỗi lần | F25: Lần 1–5: 201; sau lần từ chối thứ 5: 429 {"detail": "link_request_cooldown"}, Retry-After trong (0, 86400]; người thân khác 201; tại +23h59: 429; tại +24h: 201 | G25: Đúng như mong đợi | H25: Pass | I25: AC9 · Decision Table (R1, R2, R3) · BVA (24h-1 phút, 24h) · test_five_rejections_via_endpoint_block_24h_others_unaffected__AC9 · evidence/test-integration.log
A26: TC-LINKAPPROVE-18 | B26: Chấp thuận rồi hủy liên kết làm bộ đếm từ chối về 0 | C26: P có family_sharing và mã liên kết; F chưa liên kết | D26: 1. Từ chối 4 lần qua endpoint 2. F gửi, P chấp thuận, P hủy liên kết 3. Từ chối thêm 4 lần 4. F gửi lần thứ 10 trong ngày | E26: client_uuid mới mỗi lần | F26: Lần gửi cuối 201 (không bị chặn); các dòng theo thứ tự: 4 rejected, 1 revoked, 4 rejected, 1 pending | G26: Đúng như mong đợi | H26: Pass | I26: AC9 · Decision Table (R1) · test_approval_then_revoke_resets_streak_via_endpoints__AC9 · evidence/test-integration.log
A27: TC-LINKAPPROVE-19 | B27: Hiện mục Yêu cầu theo dõi bạn trên tab Người thân | C27: App mobile; có 2 yêu cầu pending, 1 người gửi không có tên | D27: 1. Mở tab Người thân 2. Kéo xuống để tải lại | E27: requested_at = 2026-10-15T02:00:00Z | F27: Hiện "Yêu cầu theo dõi bạn (2)"; tên người thân và "Người dùng DrugTime" cho người không có tên; "Gửi lúc 09:00 15/10/2026"; kéo xuống gọi lại API; không có yêu cầu thì không hiện mục | G27: Đúng như mong đợi | H27: Pass | I27: AC16 · incoming_requests_test.dart (AC16) · evidence/implement-final-frontend.log
A28: TC-LINKAPPROVE-20 | B28: Chuyển sang tab Người thân thì tải lại yêu cầu đang chờ | C28: App mở ở tab Thuốc | D28: 1. Chạm tab Người thân 2. Chuyển sang tab Thuốc 3. Chạm lại tab Người thân | E28: - | F28: Mỗi lần mở tab Người thân gọi listPendingRequests một lần; trước khi mở tab thì không gọi | G28: Đúng như mong đợi | H28: Pass | I28: AC16 · app_shell_test.dart (AC16) · evidence/implement-final-frontend.log
A29: TC-LINKAPPROVE-21 | B29: Chấp thuận trên app qua bước xác nhận đồng ý | C29: Có yêu cầu từ Nguyễn Văn An | D29: 1. Bấm Chấp thuận 2. Kiểm nút Chấp thuận khi chưa tick 3. Tick "Tôi đồng ý chia sẻ…" và bấm Chấp thuận 4. Ở hộp "Đã liên kết…" chọn Để sau (lần khác chọn Bật chia sẻ) 5. Lần khác: mở bước xác nhận rồi bấm Hủy | E29: consentDocumentVersion = 2026-10-v1 | F29: Hiện văn bản family_sharing và "Chia sẻ với: Nguyễn Văn An"; chưa tick thì nút khóa; gửi approve đúng family_user_id và 2026-10-v1; mục biến mất; Để sau không bật chia sẻ, Bật chia sẻ gọi API và báo "Đã bật chia sẻ với Nguyễn Văn An."; Hủy không gọi API | G29: Đúng như mong đợi | H29: Pass | I29: AC17 · incoming_requests_test.dart (AC17) · evidence/implement-final-frontend.log
A30: TC-LINKAPPROVE-22 | B30: Từ chối trên app có hộp xác nhận | C30: Có yêu cầu từ Nguyễn Văn An | D30: 1. Bấm Từ chối rồi Hủy 2. Bấm Từ chối rồi xác nhận Từ chối | E30: - | F30: Hủy không gọi API; xác nhận thì gửi reject không body, mục biến mất, báo "Đã từ chối yêu cầu của Nguyễn Văn An." | G30: Đúng như mong đợi | H30: Pass | I30: AC18 · incoming_requests_test.dart (AC18), api_client_test.dart (post không body) · evidence/implement-final-frontend.log
A31: TC-LINKAPPROVE-23 | B31: Nhắc bật chia sẻ khi patient chưa đồng ý family_sharing | C31: Tài khoản chưa bật family_sharing; có yêu cầu đang chờ | D31: 1. Mở tab Người thân 2. Bấm "Mở Quyền riêng tư" | E31: - | F31: Có dải nhắc "Cần bật \"Chia sẻ với người thân\"…"; bấm nút mở màn Quyền riêng tư; đã bật thì không có dải nhắc | G31: Đúng như mong đợi | H31: Pass | I31: AC19 · incoming_requests_test.dart (AC19) · evidence/implement-final-frontend.log
... A33: TC-LINKAPPROVE-25 | B33: Bấm liên tục khi đang gửi thao tác | C33: Có yêu cầu đang chờ; server phản hồi chậm | D33: 1. Xác nhận từ chối 2. Trong lúc chờ bấm lại Từ chối | E33: - | F33: Hai nút của mục bị khóa khi đang gửi; chỉ một request reject được gửi | G33: Đúng như mong đợi | H33: Pass | I33: AC22 · Đoán lỗi (bấm liên tục) · incoming_requests_test.dart (AC22) · evidence/implement-final-frontend.log
A34: TC-LINKAPPROVE-26 | B34: Chấp thuận yêu cầu thật trên hai thiết bị | C34: Hai tài khoản trên hai máy, backend đang chạy; P đã bật family_sharing | D34: 1. F nhập/quét mã của P 2. P mở tab Người thân, thấy yêu cầu 3. P chấp thuận, tick đồng ý, chọn Bật chia sẻ 4. F gửi lại mã | E34: Mã liên kết của P | F34: P thấy yêu cầu đúng tên F; sau chấp thuận F có trong Người giám sát với chia sẻ bật; F gửi lại mã nhận thông báo đã liên kết (409 already_linked) | H34: Pending | I34: AC23 · manual
A35: TC-LINKAPPROVE-27 | B35: Từ chối yêu cầu thật trên hai thiết bị | C35: Hai tài khoản trên hai máy, backend đang chạy | D35: 1. F gửi yêu cầu bằng mã của P 2. P từ chối 3. F gửi lại ngay | E35: Mã liên kết của P | F35: Yêu cầu biến mất trên máy P; F gửi lại được ngay (201) khi chưa đủ 5 lần bị từ chối | H35: Pending | I35: AC23 · manual
G38: Pass | H38: =COUNTIF(H9:H35,"Pass")
G39: Fail | H39: =COUNTIF(H9:H35,"Fail")
G40: Pending | H40: =COUNTIF(H9:H35,"Pending")
G41: Total | H41: =SUM(H38:H40)

Sheet Người giám sát
A1: Project Name | B1: DrugTime
A2: Module Name | B2: Quản lý người giám sát (CAREGIVER)
A3: Created By | B3: zannguyen
A4: Creation Date | B4: 46316
A5: Reviewed By
A6: Reviewed Date
K7: Equivalence Partitioning | Q7: Người thân đọc dữ liệu sức khỏe / nhận cảnh báo của patient
A8: Test Case ID | B8: Description | C8: Precondition | D8: Test Steps | E8: Test Data | F8: Expected Result | G8: Actual Result | H8: Status | I8: Comments(if any) | K8: Field | L8: Valid | M8: Num | N8: Invalid | O8: Num | Q8: Rule | R8: R1 | S8: R2 | T8: R3 | U8: R4
A9: TC-CAREGIVER-01 | B9: Xem danh sách người giám sát của chính mình | C9: P có 2 liên kết chấp thuận qua API (F1 bật chia sẻ, F2 chấp thuận sau), 1 liên kết cũ không bằng chứng (F3), và các liên kết pending/rejected/revoked; có liên kết của patient khác | D9: 1. Đăng nhập bằng P 2. GET /family/caregivers | E9: - | F9: 200; items theo thứ tự F2, F1, F3; mỗi mục đúng 6 field, status=active; F1 sharing_enabled=true; F3 approved_at=null; không có liên kết khác; audit list_caregivers/allowed không có link_id | G9: Đúng như mong đợi | H9: Pass | I9: AC11 · test_list_only_own_active_ordered_minimal__AC11 · evidence/test-integration.log | K9: sharing_enabled (body PATCH) | L9: true false | M9: 1 2 | N9: "true" (chuỗi) 1 null thiếu field field lạ (patient_id) | O9: 4 5 6 7 8 | Q9: Liên kết active? | R9: Không | S9: Có | T9: Có | U9: Có
A10: TC-CAREGIVER-02 | B10: Xem danh sách khi chưa có người giám sát | C10: Tài khoản không có liên kết active | D10: 1. GET /family/caregivers | E10: - | F10: 200; {"items": []} | G10: 200; {"items": []} | H10: Pass | I10: AC11 · test_empty_list_returns_items_empty__AC11 · evidence/test-integration.log | K10: link_id (path) | L10: id liên kết active của chính mình | M10: 3 | N10: 0 -1 abc 9223372036854775808 id không tồn tại liên kết của patient khác liên kết không active (pending/rejected/revoked) | O10: 9 10 11 12 13 14 15 | Q10: Công tắc chia sẻ bật? | R10: - | S10: Không | T10: Có | U10: Có
A11: TC-CAREGIVER-03 | B11: Gửi query patient_id để xem người giám sát của người khác | C11: Đã đăng nhập | D11: 1. GET /family/caregivers?patient_id=<UUID khác> | E11: patient_id=<UUID> | F11: 422 | G11: 422 | H11: Pass | I11: AC5 · Đoán lỗi (truy cập dữ liệu người khác) · test_caregivers_rejects_query_parameters__AC11 · evidence/test-integration.log | Q11: Patient còn đồng ý family_sharing? | R11: - | S11: - | T11: Không | U11: Có
A12: TC-CAREGIVER-04 | B12: Bật, bật lại và tắt chia sẻ | C12: Liên kết active chấp thuận qua API, chia sẻ đang tắt; P có family_sharing | D12: 1. PATCH /family/links/{id}/sharing true 2. PATCH lại true 3. PATCH false | E12: {"sharing_enabled": true} / {"sharing_enabled": false} | F12: 200 trả Caregiver với sharing_enabled đúng giá trị; gửi lại true trả kết quả giống hệt; DB đổi theo; audit enable_sharing x2, disable_sharing | G12: Đúng như mong đợi | H12: Pass | I12: AC12 · EP (1,2,3) · Đoán lỗi (gửi trùng) · test_enable_disable_idempotent_and_audit__AC12 · evidence/test-integration.log | Q12: Action | R12: R1 | S12: R2 | T12: R3 | U12: R4
A13: TC-CAREGIVER-05 | B13: Tắt chia sẻ khi đã rút family_sharing | C13: Liên kết active đang chia sẻ; P đã rút family_sharing | D13: 1. PATCH sharing false | E13: {"sharing_enabled": false} | F13: 200; sharing_enabled=false | G13: Đúng như mong đợi | H13: Pass | I13: AC12 · test_disable_allowed_without_consent__AC12 · evidence/test-integration.log | Q13: 403 + access_logs denied; không có trong danh sách nhận cảnh báo | R13: X | S13: X | T13: X
A14: TC-CAREGIVER-06 | B14: Bật chia sẻ khi chưa đồng ý family_sharing | C14: Liên kết active, chia sẻ tắt; P đã rút family_sharing | D14: 1. PATCH sharing true | E14: {"sharing_enabled": true} | F14: 403 {"detail": "consent_revoked"}; công tắc vẫn tắt; audit enable_sharing/denied reason consent_revoked | G14: Đúng như mong đợi | H14: Pass | I14: AC7, AC10 · test_enable_without_consent_403_denied_audit__AC7_AC10 · evidence/test-integration.log | Q14: 200 + access_logs allowed; có trong danh sách nhận cảnh báo | U14: X
A15: TC-CAREGIVER-07 | B15: Bật chia sẻ cho liên kết cũ không có bằng chứng xác nhận | C15: Liên kết active tạo trước 3.16 (không có bằng chứng), chia sẻ bật | D15: 1. PATCH sharing true 2. PATCH sharing false | E15: - | F15: true: 409 {"detail": "consent_confirmation_missing"}; false: 200, approved_at=null | G15: Đúng như mong đợi | H15: Pass | I15: AC10 · test_enable_legacy_link_409_confirmation_missing_but_disable_ok__AC10 · evidence/test-integration.log
A16: TC-CAREGIVER-08 | B16: Bật/tắt chia sẻ cho liên kết không active | C16: Liên kết pending, rejected hoặc revoked | D16: 1. PATCH sharing true và false cho từng trạng thái | E16: 6 tổ hợp trạng thái × giá trị | F16: 409 {"detail": "family_link_not_active"}; dòng liên kết không đổi | G16: Đúng như mong đợi (6/6) | H16: Pass | I16: AC10 · EP (15) · Chuyển trạng thái (thao tác bị cấm) · test_sharing_on_non_active_link_409__AC10 · evidence/test-integration.log
A17: TC-CAREGIVER-09 | B17: Gửi body bật/tắt chia sẻ sai cấu trúc | C17: Đã đăng nhập | D17: 1. PATCH /family/links/1/sharing với từng body sai | E17: (không body); {}; "true" (chuỗi); 1; null; {"sharing_enabled": true, "patient_id": "…"} | F17: 422 ValidationError; không gọi use case | G17: 422 cho mọi trường hợp | H17: Pass | I17: AC22 · EP (4,5,6,7,8) · test_strict_sharing_body_rejected_before_use_case · evidence/implement-final-backend.log
A18: TC-CAREGIVER-10 | B18: Gọi bật/tắt chia sẻ và hủy với link_id không hợp lệ | C18: Đã đăng nhập | D18: 1. PATCH /family/links/{link_id}/sharing 2. POST /family/links/{link_id}/revoke | E18: link_id = 0, -1, abc, 1.1, 9223372036854775808 | F18: 422 cho mọi giá trị | G18: 422 | H18: Pass | I18: AC22 · EP (9,10,11,12) · BVA (min-1) · test_new_routes_invalid_path_id_is_422 · evidence/implement-final-backend.log
A19: TC-CAREGIVER-11 | B19: Thao tác trên liên kết không tồn tại | C19: P đã đăng nhập | D19: 1. PATCH sharing true cho id 2000000000 2. POST revoke cho id 2000000000 | E19: link_id=2000000000 | F19: 404 {"detail": "family_link_not_found"}; không ghi audit | G19: Đúng như mong đợi | H19: Pass | I19: AC10 · EP (13) · test_missing_link_404_without_allowed_audit__AC10 · evidence/test-integration.log
A20: TC-CAREGIVER-12 | B20: Người thân, người lạ, admin bật/tắt chia sẻ hoặc hủy liên kết thay patient | C20: Liên kết active P←F đang chia sẻ; người lạ X; admin A | D20: 1. Gọi 3 endpoint không token 2. Với F, X, A: PATCH false, PATCH true, POST revoke 3. A gọi GET /family/caregivers 4. F, X gọi GET /family/caregivers 5. P gọi POST revoke | E20: - | F20: 401 khi không token; 403 khong_co_quyen, liên kết không đổi, mỗi lượt 1 audit denied với actor là người gọi (admin không ghi patient/link); admin xem danh sách 403; F và X thấy items rỗng; P hủy được (200) | G20: Đúng như mong đợi | H20: Pass | I20: AC5 · EP (14) · test_new_endpoints_denied_caller_matrix__AC5 · evidence/test-integration.log
A21: TC-CAREGIVER-13 | B21: Hủy liên kết và gửi lại lệnh hủy | C21: Liên kết active đang chia sẻ | D21: 1. POST /family/links/{id}/revoke 2. POST revoke lần 2 3. GET /family/caregivers | E21: (không body) | F21: 200 {link_id, family_user_id, status: revoked, revoked_at}; lần 2 trả y hệt; bằng chứng đồng ý vẫn còn 1 dòng; audit revoke x2; danh sách rỗng | G21: Đúng như mong đợi | H21: Pass | I21: AC13 · Chuyển trạng thái (active→revoked) · test_revoke_keeps_history_and_replay_returns_same_time__AC13 · evidence/test-integration.log
A22: TC-CAREGIVER-14 | B22: Liên kết lại sau khi hủy | C22: Liên kết đã chấp thuận, bật chia sẻ, rồi bị hủy | D22: 1. F gửi lại yêu cầu bằng mã của P 2. P chấp thuận | E22: client_uuid mới | F22: 201 tạo liên kết mới pending (id khác); sau chấp thuận sharing_enabled=false; bằng chứng mới riêng, bằng chứng cũ còn; liên kết cũ vẫn revoked | G22: Đúng như mong đợi | H22: Pass | I22: AC13 · test_relink_after_revoke_starts_unshared_with_new_evidence__AC13 · evidence/test-integration.log
A23: TC-CAREGIVER-15 | B23: Hủy liên kết đang chờ hoặc đã bị từ chối | C23: Liên kết pending hoặc rejected | D23: 1. POST revoke | E23: - | F23: 409 {"detail": "invalid_link_transition"}; liên kết không đổi | G23: Đúng như mong đợi | H23: Pass | I23: AC10 · Chuyển trạng thái (chuyển bị cấm) · test_revoke_pending_or_rejected_409__AC10 · evidence/test-integration.log
A24: TC-CAREGIVER-16 | B24: Gửi body khi hủy liên kết | C24: Liên kết active | D24: 1. POST revoke với body {} | E24: {} | F24: 422; liên kết vẫn active | G24: 422 | H24: Pass | I24: AC10 · Đoán lỗi · test_revoke_with_body_is_422__AC10 · evidence/test-integration.log
A25: TC-CAREGIVER-17 | B25: Mỗi quyết định của patient có hiệu lực ngay ở request kế tiếp của người thân | C25: P có health_data và family_sharing, có một thuốc; F dùng một token duy nhất | D25: 1. F gửi yêu cầu (pending) → F đọc GET /medications/{id} 2. P chấp thuận → F đọc 3. P bật chia sẻ → F đọc 4. P tắt chia sẻ → F đọc 5. P bật lại → F đọc, P hủy liên kết → F đọc 6. F gửi lại, P từ chối → F đọc | E25: - | F25: 403 + access_logs denied ở pending, chấp thuận (chia sẻ tắt), tắt chia sẻ, hủy, từ chối; 200 + allowed (actor_role family) khi đang chia sẻ; danh sách nhận cảnh báo (authorized_caregivers) có F đúng khi được 200 | G25: Đúng như mong đợi | H25: Pass | I25: AC6 · Decision Table (R1, R2, R4) · test_every_decision_applies_on_next_request_same_token__AC6 · evidence/test-integration.log
A26: TC-CAREGIVER-18 | B26: Rút family_sharing khi công tắc vẫn bật | C26: Liên kết active đang chia sẻ, F đọc được | D26: 1. P rút family_sharing 2. F đọc GET /medications/{id} ngay | E26: - | F26: 403 + access_logs denied; F không còn trong danh sách nhận cảnh báo; công tắc không tự đổi | G26: Đúng như mong đợi | H26: Pass | I26: AC6 · Decision Table (R3) · test_consent_withdrawal_blocks_even_with_sharing_on__AC6 · evidence/test-integration.log
... A35: TC-CAREGIVER-27 | B35: Mở lại màn và kéo xuống luôn gọi lại API | C35: Có người giám sát | D35: 1. Kéo xuống 2. Đóng rồi mở lại màn | E35: - | F35: Mỗi lần gọi lại listCaregivers; không dùng dữ liệu cũ | G35: Đúng như mong đợi | H35: Pass | I35: AC22 · caregivers_screen_test.dart (AC20, AC22) · evidence/implement-final-frontend.log
A36: TC-CAREGIVER-28 | B36: Bật/tắt chia sẻ và hủy liên kết thật trên hai thiết bị | C36: P và F đã liên kết, chia sẻ bật; backend đang chạy | D36: 1. F mở dữ liệu thuốc của P 2. P tắt chia sẻ ở Hồ sơ > Người giám sát 3. F tải lại 4. P bật lại rồi Hủy liên kết 5. F tải lại; F gửi lại mã | E36: - | F36: F xem được khi đang chia sẻ; sau khi tắt hoặc hủy, lần tải kế tiếp F bị từ chối; sau khi hủy F gửi lại mã tạo được yêu cầu mới | H36: Pending | I36: AC23 · manual
G39: Pass | H39: =COUNTIF(H9:H36,"Pass")
G40: Fail | H40: =COUNTIF(H9:H36,"Fail")
G41: Pending | H41: =COUNTIF(H9:H36,"Pending")
G42: Total | H42: =SUM(H39:H41)

Sheet Cảnh báo người thân
A1: Project Name | B1: DrugTime
A2: Module Name | B2: Cảnh báo người thân (FALERT)
A3: Created By | B3: phucnguyenngoc
A4: Creation Date | B4: 46317
A5: Reviewed By
A6: Reviewed Date
K7: Equivalence Partitioning | Q7: Quyền notification hiện hành
A8: Test Case ID | B8: Description | C8: Precondition | D8: Test Steps | E8: Test Data | F8: Expected Result | G8: Actual Result | H8: Status | I8: Comments(if any) | K8: Field | L8: Valid | M8: Num | N8: Invalid | O8: Num | Q8: Rule | R8: R1 | S8: R2 | T8: R3 | U8: R4 | V8: R5 | W8: R6
A9: TC-FALERT-01 | B9: Kiểm tra hộp thư, đọc chi tiết và PATCH lặp | C9: Supabase local đã reset, API dùng api_role; dữ liệu test synthetic độc lập. Không dùng DB deploy. | D9: 1. Đăng nhập người thân F có liên kết active và hai consent của P. 2. Tạo một notification chưa đọc với thuốc Thuốc snapshot, giờ 2026-10-20T01:00:00Z. 3. GET /notifications, GET /notifications/{id}; PATCH is_read=true hai lần; GET lại danh sách. 4. Đếm dose_logs và truy vấn access_logs theo P. | E9: P/F là UUID synthetic mới mỗi lần; ID notification lấy từ DB fixture; giờ 2026-10-20T01:00:00Z. | F9: List total=1/unread=1; detail đủ patient/thuốc/giờ và không mark read; PATCH 200; unread=0; 5 allowed ADHERENCE/READ; dose không đổi. | G9: Đã chạy tự động: các kiểm tra response và DB nêu ở Expected Result đều pass. | H9: Pass | I9: AC3, AC4 · đoán lỗi, chuyển trạng thái và bảo mật · test_allowed_list_detail_patch_use_read_audit_and_replay__AC3_AC4 · evidence/test-task-integration-final.log | K9: limit | L9: 1..100 | M9: 1 | N9: 0 101 | O9: 3 4 | Q9: Liên kết active? | R9: Yes | S9: No | T9: Yes | U9: Yes | V9: Yes | W9: Yes
A10: TC-FALERT-02 | B10: Kiểm tra request kế tiếp sau thu hồi quyền [list-unlinked] | C10: Supabase local đã reset, API dùng api_role; dữ liệu test synthetic độc lập. Không dùng DB deploy. | D10: 1. Đọc detail bằng session F hợp lệ, giữ nguyên bearer. 2. Dùng connection quản trị khác để thu hồi quyền theo biến thể trong Test Data. 3. Gọi list/detail/PATCH bằng bearer cũ theo biến thể; kiểm access_logs và is_read. | E10: list-unlinked | F10: List 200 items=[] total=0 unread_count=0; detail/PATCH 403 khong_co_quyen; có denied; is_read không đổi. | G10: Đã chạy tự động: các kiểm tra response và DB nêu ở Expected Result đều pass. | H10: Pass | I10: AC5 · Decision Table (R2) · test_revocation_next_request_filters_counts_or_denies_and_audits__AC5[list-unlinked] · evidence/test-task-integration-final.log | K10: offset | L10: 0 hoặc số dương | M10: 2 | N10: -1 | O10: 5 | Q10: Chia sẻ bật? | R10: Yes | S10: - | T10: No | U10: Yes | V10: Yes | W10: Yes
A11: TC-FALERT-03 | B11: Kiểm tra request kế tiếp sau thu hồi quyền [list-inactive] | C11: Supabase local đã reset, API dùng api_role; dữ liệu test synthetic độc lập. Không dùng DB deploy. | D11: 1. Đọc detail bằng session F hợp lệ, giữ nguyên bearer. 2. Dùng connection quản trị khác để thu hồi quyền theo biến thể trong Test Data. 3. Gọi list/detail/PATCH bằng bearer cũ theo biến thể; kiểm access_logs và is_read. | E11: list-inactive | F11: List 200 items=[] total=0 unread_count=0; detail/PATCH 403 khong_co_quyen; có denied; is_read không đổi. | G11: Đã chạy tự động: các kiểm tra response và DB nêu ở Expected Result đều pass. | H11: Pass | I11: AC5 · Decision Table (R2) · test_revocation_next_request_filters_counts_or_denies_and_audits__AC5[list-inactive] · evidence/test-task-integration-final.log | Q11: health_data còn hiệu lực? | R11: Yes | S11: - | T11: - | U11: No | V11: Yes | W11: Yes
A12: TC-FALERT-04 | B12: Kiểm tra request kế tiếp sau thu hồi quyền [list-sharing_off] | C12: Supabase local đã reset, API dùng api_role; dữ liệu test synthetic độc lập. Không dùng DB deploy. | D12: 1. Đọc detail bằng session F hợp lệ, giữ nguyên bearer. 2. Dùng connection quản trị khác để thu hồi quyền theo biến thể trong Test Data. 3. Gọi list/detail/PATCH bằng bearer cũ theo biến thể; kiểm access_logs và is_read. | E12: list-sharing_off | F12: List 200 items=[] total=0 unread_count=0; detail/PATCH 403 khong_co_quyen; có denied; is_read không đổi. | G12: Đã chạy tự động: các kiểm tra response và DB nêu ở Expected Result đều pass. | H12: Pass | I12: AC5 · Decision Table (R3) · test_revocation_next_request_filters_counts_or_denies_and_audits__AC5[list-sharing_off] · evidence/test-task-integration-final.log | Q12: family_sharing còn hiệu lực? | R12: Yes | S12: - | T12: - | U12: - | V12: No | W12: Yes
A13: TC-FALERT-05 | B13: Kiểm tra request kế tiếp sau thu hồi quyền [list-health_data] | C13: Supabase local đã reset, API dùng api_role; dữ liệu test synthetic độc lập. Không dùng DB deploy. | D13: 1. Đọc detail bằng session F hợp lệ, giữ nguyên bearer. 2. Dùng connection quản trị khác để thu hồi quyền theo biến thể trong Test Data. 3. Gọi list/detail/PATCH bằng bearer cũ theo biến thể; kiểm access_logs và is_read. | E13: list-health_data | F13: List 200 items=[] total=0 unread_count=0; detail/PATCH 403 khong_co_quyen; có denied; is_read không đổi. | G13: Đã chạy tự động: các kiểm tra response và DB nêu ở Expected Result đều pass. | H13: Pass | I13: AC5 · Decision Table (R4) · test_revocation_next_request_filters_counts_or_denies_and_audits__AC5[list-health_data] · evidence/test-task-integration-final.log | Q13: Facts/audit/commit thành công? | R13: Yes | S13: Yes | T13: Yes | U13: Yes | V13: Yes | W13: No
A14: TC-FALERT-06 | B14: Kiểm tra request kế tiếp sau thu hồi quyền [list-family_sharing] | C14: Supabase local đã reset, API dùng api_role; dữ liệu test synthetic độc lập. Không dùng DB deploy. | D14: 1. Đọc detail bằng session F hợp lệ, giữ nguyên bearer. 2. Dùng connection quản trị khác để thu hồi quyền theo biến thể trong Test Data. 3. Gọi list/detail/PATCH bằng bearer cũ theo biến thể; kiểm access_logs và is_read. | E14: list-family_sharing | F14: List 200 items=[] total=0 unread_count=0; detail/PATCH 403 khong_co_quyen; có denied; is_read không đổi. | G14: Đã chạy tự động: các kiểm tra response và DB nêu ở Expected Result đều pass. | H14: Pass | I14: AC5 · Decision Table (R5) · test_revocation_next_request_filters_counts_or_denies_and_audits__AC5[list-family_sharing] · evidence/test-task-integration-final.log | Q14: Action | R14: R1 | S14: R2 | T14: R3 | U14: R4 | V14: R5 | W14: R6
A15: TC-FALERT-07 | B15: Kiểm tra request kế tiếp sau thu hồi quyền [detail-unlinked] | C15: Supabase local đã reset, API dùng api_role; dữ liệu test synthetic độc lập. Không dùng DB deploy. | D15: 1. Đọc detail bằng session F hợp lệ, giữ nguyên bearer. 2. Dùng connection quản trị khác để thu hồi quyền theo biến thể trong Test Data. 3. Gọi list/detail/PATCH bằng bearer cũ theo biến thể; kiểm access_logs và is_read. | E15: detail-unlinked | F15: List 200 items=[] total=0 unread_count=0; detail/PATCH 403 khong_co_quyen; có denied; is_read không đổi. | G15: Đã chạy tự động: các kiểm tra response và DB nêu ở Expected Result đều pass. | H15: Pass | I15: AC5 · Decision Table (R2) · test_revocation_next_request_filters_counts_or_denies_and_audits__AC5[detail-unlinked] · evidence/test-task-integration-final.log | Q15: 200 và allowed | R15: X
A16: TC-FALERT-08 | B16: Kiểm tra request kế tiếp sau thu hồi quyền [detail-inactive] | C16: Supabase local đã reset, API dùng api_role; dữ liệu test synthetic độc lập. Không dùng DB deploy. | D16: 1. Đọc detail bằng session F hợp lệ, giữ nguyên bearer. 2. Dùng connection quản trị khác để thu hồi quyền theo biến thể trong Test Data. 3. Gọi list/detail/PATCH bằng bearer cũ theo biến thể; kiểm access_logs và is_read. | E16: detail-inactive | F16: List 200 items=[] total=0 unread_count=0; detail/PATCH 403 khong_co_quyen; có denied; is_read không đổi. | G16: Đã chạy tự động: các kiểm tra response và DB nêu ở Expected Result đều pass. | H16: Pass | I16: AC5 · Decision Table (R2) · test_revocation_next_request_filters_counts_or_denies_and_audits__AC5[detail-inactive] · evidence/test-task-integration-final.log | Q16: List lọc/count 0; detail/PATCH 403; denied | S16: X | T16: X | U16: X | V16: X
A17: TC-FALERT-09 | B17: Kiểm tra request kế tiếp sau thu hồi quyền [detail-sharing_off] | C17: Supabase local đã reset, API dùng api_role; dữ liệu test synthetic độc lập. Không dùng DB deploy. | D17: 1. Đọc detail bằng session F hợp lệ, giữ nguyên bearer. 2. Dùng connection quản trị khác để thu hồi quyền theo biến thể trong Test Data. 3. Gọi list/detail/PATCH bằng bearer cũ theo biến thể; kiểm access_logs và is_read. | E17: detail-sharing_off | F17: List 200 items=[] total=0 unread_count=0; detail/PATCH 403 khong_co_quyen; có denied; is_read không đổi. | G17: Đã chạy tự động: các kiểm tra response và DB nêu ở Expected Result đều pass. | H17: Pass | I17: AC5 · Decision Table (R3) · test_revocation_next_request_filters_counts_or_denies_and_audits__AC5[detail-sharing_off] · evidence/test-task-integration-final.log | Q17: 503 không trả health hoặc đổi is_read | W17: X
A18: TC-FALERT-10 | B18: Kiểm tra request kế tiếp sau thu hồi quyền [detail-health_data] | C18: Supabase local đã reset, API dùng api_role; dữ liệu test synthetic độc lập. Không dùng DB deploy. | D18: 1. Đọc detail bằng session F hợp lệ, giữ nguyên bearer. 2. Dùng connection quản trị khác để thu hồi quyền theo biến thể trong Test Data. 3. Gọi list/detail/PATCH bằng bearer cũ theo biến thể; kiểm access_logs và is_read. | E18: detail-health_data | F18: List 200 items=[] total=0 unread_count=0; detail/PATCH 403 khong_co_quyen; có denied; is_read không đổi. | G18: Đã chạy tự động: các kiểm tra response và DB nêu ở Expected Result đều pass. | H18: Pass | I18: AC5 · Decision Table (R4) · test_revocation_next_request_filters_counts_or_denies_and_audits__AC5[detail-health_data] · evidence/test-task-integration-final.log
A19: TC-FALERT-11 | B19: Kiểm tra request kế tiếp sau thu hồi quyền [detail-family_sharing] | C19: Supabase local đã reset, API dùng api_role; dữ liệu test synthetic độc lập. Không dùng DB deploy. | D19: 1. Đọc detail bằng session F hợp lệ, giữ nguyên bearer. 2. Dùng connection quản trị khác để thu hồi quyền theo biến thể trong Test Data. 3. Gọi list/detail/PATCH bằng bearer cũ theo biến thể; kiểm access_logs và is_read. | E19: detail-family_sharing | F19: List 200 items=[] total=0 unread_count=0; detail/PATCH 403 khong_co_quyen; có denied; is_read không đổi. | G19: Đã chạy tự động: các kiểm tra response và DB nêu ở Expected Result đều pass. | H19: Pass | I19: AC5 · Decision Table (R5) · test_revocation_next_request_filters_counts_or_denies_and_audits__AC5[detail-family_sharing] · evidence/test-task-integration-final.log
A20: TC-FALERT-12 | B20: Kiểm tra request kế tiếp sau thu hồi quyền [patch-unlinked] | C20: Supabase local đã reset, API dùng api_role; dữ liệu test synthetic độc lập. Không dùng DB deploy. | D20: 1. Đọc detail bằng session F hợp lệ, giữ nguyên bearer. 2. Dùng connection quản trị khác để thu hồi quyền theo biến thể trong Test Data. 3. Gọi list/detail/PATCH bằng bearer cũ theo biến thể; kiểm access_logs và is_read. | E20: patch-unlinked | F20: List 200 items=[] total=0 unread_count=0; detail/PATCH 403 khong_co_quyen; có denied; is_read không đổi. | G20: Đã chạy tự động: các kiểm tra response và DB nêu ở Expected Result đều pass. | H20: Pass | I20: AC5 · Decision Table (R2) · test_revocation_next_request_filters_counts_or_denies_and_audits__AC5[patch-unlinked] · evidence/test-task-integration-final.log
A21: TC-FALERT-13 | B21: Kiểm tra request kế tiếp sau thu hồi quyền [patch-inactive] | C21: Supabase local đã reset, API dùng api_role; dữ liệu test synthetic độc lập. Không dùng DB deploy. | D21: 1. Đọc detail bằng session F hợp lệ, giữ nguyên bearer. 2. Dùng connection quản trị khác để thu hồi quyền theo biến thể trong Test Data. 3. Gọi list/detail/PATCH bằng bearer cũ theo biến thể; kiểm access_logs và is_read. | E21: patch-inactive | F21: List 200 items=[] total=0 unread_count=0; detail/PATCH 403 khong_co_quyen; có denied; is_read không đổi. | G21: Đã chạy tự động: các kiểm tra response và DB nêu ở Expected Result đều pass. | H21: Pass | I21: AC5 · Decision Table (R2) · test_revocation_next_request_filters_counts_or_denies_and_audits__AC5[patch-inactive] · evidence/test-task-integration-final.log
A22: TC-FALERT-14 | B22: Kiểm tra request kế tiếp sau thu hồi quyền [patch-sharing_off] | C22: Supabase local đã reset, API dùng api_role; dữ liệu test synthetic độc lập. Không dùng DB deploy. | D22: 1. Đọc detail bằng session F hợp lệ, giữ nguyên bearer. 2. Dùng connection quản trị khác để thu hồi quyền theo biến thể trong Test Data. 3. Gọi list/detail/PATCH bằng bearer cũ theo biến thể; kiểm access_logs và is_read. | E22: patch-sharing_off | F22: List 200 items=[] total=0 unread_count=0; detail/PATCH 403 khong_co_quyen; có denied; is_read không đổi. | G22: Đã chạy tự động: các kiểm tra response và DB nêu ở Expected Result đều pass. | H22: Pass | I22: AC5 · Decision Table (R3) · test_revocation_next_request_filters_counts_or_denies_and_audits__AC5[patch-sharing_off] · evidence/test-task-integration-final.log
A23: TC-FALERT-15 | B23: Kiểm tra request kế tiếp sau thu hồi quyền [patch-health_data] | C23: Supabase local đã reset, API dùng api_role; dữ liệu test synthetic độc lập. Không dùng DB deploy. | D23: 1. Đọc detail bằng session F hợp lệ, giữ nguyên bearer. 2. Dùng connection quản trị khác để thu hồi quyền theo biến thể trong Test Data. 3. Gọi list/detail/PATCH bằng bearer cũ theo biến thể; kiểm access_logs và is_read. | E23: patch-health_data | F23: List 200 items=[] total=0 unread_count=0; detail/PATCH 403 khong_co_quyen; có denied; is_read không đổi. | G23: Đã chạy tự động: các kiểm tra response và DB nêu ở Expected Result đều pass. | H23: Pass | I23: AC5 · Decision Table (R4) · test_revocation_next_request_filters_counts_or_denies_and_audits__AC5[patch-health_data] · evidence/test-task-integration-final.log
A24: TC-FALERT-16 | B24: Kiểm tra request kế tiếp sau thu hồi quyền [patch-family_sharing] | C24: Supabase local đã reset, API dùng api_role; dữ liệu test synthetic độc lập. Không dùng DB deploy. | D24: 1. Đọc detail bằng session F hợp lệ, giữ nguyên bearer. 2. Dùng connection quản trị khác để thu hồi quyền theo biến thể trong Test Data. 3. Gọi list/detail/PATCH bằng bearer cũ theo biến thể; kiểm access_logs và is_read. | E24: patch-family_sharing | F24: List 200 items=[] total=0 unread_count=0; detail/PATCH 403 khong_co_quyen; có denied; is_read không đổi. | G24: Đã chạy tự động: các kiểm tra response và DB nêu ở Expected Result đều pass. | H24: Pass | I24: AC5 · Decision Table (R5) · test_revocation_next_request_filters_counts_or_denies_and_audits__AC5[patch-family_sharing] · evidence/test-task-integration-final.log
A25: TC-FALERT-17 | B25: Từ chối ID thuộc hộp thư người khác [detail] | C25: Supabase local đã reset, API dùng api_role; dữ liệu test synthetic độc lập. Không dùng DB deploy. | D25: 1. Tạo notification cho F/P; đăng nhập user X khác F. 2. GET hoặc PATCH /notifications/{id} theo biến thể bằng session X. 3. GET /notifications/9223372036854775807 bằng session F; kiểm audit của P. | E25: detail | F25: Cả ID khác hộp thư và ID không tồn tại trả 404 notification_not_found; không audit hoặc đọc health của P. | G25: Đã chạy tự động: các kiểm tra response và DB nêu ở Expected Result đều pass. | H25: Pass | I25: AC5 · đoán lỗi, chuyển trạng thái và bảo mật · test_other_recipient_and_unknown_id_return_404__AC5[detail] · evidence/test-task-integration-final.log
A26: TC-FALERT-18 | B26: Từ chối ID thuộc hộp thư người khác [patch] | C26: Supabase local đã reset, API dùng api_role; dữ liệu test synthetic độc lập. Không dùng DB deploy. | D26: 1. Tạo notification cho F/P; đăng nhập user X khác F. 2. GET hoặc PATCH /notifications/{id} theo biến thể bằng session X. 3. GET /notifications/9223372036854775807 bằng session F; kiểm audit của P. | E26: patch | F26: Cả ID khác hộp thư và ID không tồn tại trả 404 notification_not_found; không audit hoặc đọc health của P. | G26: Đã chạy tự động: các kiểm tra response và DB nêu ở Expected Result đều pass. | H26: Pass | I26: AC5 · đoán lỗi, chuyển trạng thái và bảo mật · test_other_recipient_and_unknown_id_return_404__AC5[patch] · evidence/test-task-integration-final.log
